Product Name,Price,Ratings
"ASUS VivoBook 15 Thin and Light Laptop, 15.6” FHD, Intel Core i3-8145U CPU, 8GB RAM, 128GB SSD, Windows 10 in S Mode, F512FA-AB34, Slate Gray",$379.99,4.2 out of 5 stars
"LG gram Laptop - 15.6"" Full HD Display, Intel 8th Gen Core I5, 8GB RAM, 256GB SSD, 21.5 HRs Battery - 15Z990-U.AAS5U1 (2019), Dark Silver",$946.99,4.3 out of 5 stars
"Dell Latitude E6420 14"" HD Anti-glare LED Backlit Business Laptop Computer, Intel Dual Core i7-2620M up to 3.4GHz, 8GB DDR3, 128GB SSD, DVD, HDMI, Windows 10 Pro (Renewed)",$237.00,3.7 out of 5 stars
HP EliteBook Folio 9470M 14in Intel Core i5-3427U 1.8GHz 8GB 180GB SSD Windows 10 Pro (Renewed),$178.36,3.3 out of 5 stars
"Lenovo IdeaPad S145 15.6"" HD Business Laptop PC | AMD A6-9225 Dual-core Upto 3.0GHz | 8GB RAM | 500GB HDD | AMD Radeon R4 Graphics | WiFi | HDMI | Bluetooth | Windows 10",$317.36,-1
"HP 14"" Touchscreen Home and Business Laptop Ryzen 3-3200U, 8GB RAM, 128GB M.2 SSD, Dual-Core up to 3.50 GHz, Vega 3 Graphics, RJ-45, USB-C, 4K Output HDMI, Bluetooth, Webcam, 1366x768, Win 10",$319.99,-1
"2019 New Dell Inspiron 11 Chromebook , 11.6"" HD Non-Touchscreen Display, Intel Celeron Dual Core N3060 Processor, 4GB Ram, 16GB eMMc Flash Memory, WiFi, HDMI, USB3.0, Chrome OS",$158.00,4.2 out of 5 stars
"2019 Newest HP ProBook 430 G5 13.3 Inch HD Laptop (Inter Core i5-7200U up to 3.1GHz, 16GB DDR4 RAM, 512GB SSD, Intel HD Graphics 620, Backlit Keyboard, HD Webcam, Windows 10 Pro)",$946.94,-1
"Lenovo 2019 Newest L340-17 17.3 Inch HD Laptop (8th Gen Intel Dual Core i3-8345U up to 3.90 GHz, 8GB DDR4 RAM, 1TB HDD, Bluetooth, DVD, WiFi, Windows 10) (Gray)",$449.00,-1
"HP Pavilion 2019 15.6 HD LED Laptop Notebook Computer PC, 2-Core AMD A6 2.6GHz, 8GB DDR4 RAM, 128GB SSD, DVD, HDMI, RJ-45, USB 3.0, Bluetooth, Webcam, Wi-Fi, Windows 10 Home in S Mode",$377.99,3.3 out of 5 stars
"Acer Chromebook R 11 Convertible Laptop, Celeron N3060, 11.6"" HD Touch, 4GB DDR3L, 32GB eMMC, C738T-C7KD",$209.99,3.9 out of 5 stars
"Beantech W11046ADB Laptop (Windows 10 Home, Intel Cherry Trail z8300, 11.6"" LCD Screen, Storage: 64 GB, RAM: 4 GB) Black",$219.99,2.2 out of 5 stars
"ASUS Chromebook C202SA-YS02 11.6"" Ruggedized and Water Resistant Design with 180 Degree (Intel Celeron 4 GB, 16GB eMMC, Dark Blue, Silver)",$0,3.9 out of 5 stars
"Dell G3 15 3579, G3579-5779BLK-PUS,8th Gen Intel Core i5-8300H Proc (Quad-Core, 8MB Cache, up to 3.9GHz w/TB),8GB DDR4 2666MHz,256 SSD,15.6-inch FHD (1920 x 1080) IPS,NVIDIA GeForce GTX 1060 Max Q",$699.99,4.8 out of 5 stars
Lenovo IdeaPad L340 15.6 inch FHD WLED AMD Ryzen 3-3200U 8GB 1TB HDD Win 10 Laptop,$0,-1
HP EliteBook Folio 9480M 14in Intel Core i5-4310U 2.0GHz 8GB 180GB SSD Windows 10 Professional (Renewed),$203.20,3.7 out of 5 stars
"LG gram Laptop - 13.3"" Full HD Display, Intel 8th Gen Core i5, 8GB RAM, 256GB SSD, 24.5  Hour Battery, 13Z990-U.AAW5U1 (2019), White",$842.49,4.3 out of 5 stars
"2019 Newest Lenovo Ideapad S145 15.6"" HD TN Widescreen Laptop, AMD A6-9225 Processor up to 3.00GHz, 16GB RAM, 512GB PCIe NVMe M.2 SSD + 1TB HDD, HDMI, Wireless-AC, Bluetooth, Windows 10, Granite Black",$444.51,4.0 out of 5 stars
"Asus FX504 Thin & Light TUF Gaming Laptop, 15.6” Full HD, 8th Gen Intel Core i7-8750H Processor, GeForce GTX 1050 Ti, 8GB DDR4, 256GB M.2 SSD, Gigabit WiFi, Windows 10 - FX504GE-ES72",$798.87,3.9 out of 5 stars
"Oemgenuine Lenovo ThinkPad T470s Laptop Computer 14 Inch FHD Display 1920x1080, Intel Dual Core i5-6300U, 20GB RAM, 1TB SSD (PCIe-NVMe), Fingerprint, W10P",$899.95,4.8 out of 5 stars
"CHUWI HeroBook Laptop Computer Windows 10 PC, 14.1"" 1080P Display, Intel Atom X5-E8000 Quad Core, 4GB RAM/64GB eMMC and Extra 256GB SSD, 1TB M.2 SSD Slot, Thin and Lightweight",$229.99,3.5 out of 5 stars
"Bit CORE+ 10.1 Windows 10, 2 in 1 Detachable PC - with Bonus Full Function Bit Smart Watch (W10046APB+S1CG)",$219.99,1.0 out of 5 stars
"LG gram Laptop - 15.6"" Full HD Display, Intel 8th Gen Core I5, 8GB RAM, 256GB SSD, 21.5 HRs Battery - 15Z990-U.AAS5U1 (2019), Dark Silver",$946.99,4.3 out of 5 stars
"ASUS VivoBook 15 Thin and Light Laptop, 15.6” FHD, Intel Core i3-8145U CPU, 8GB RAM, 128GB SSD, Windows 10 in S Mode, F512FA-AB34, Slate Gray",$379.99,4.2 out of 5 stars
"ASUS Chromebook C423NA-DH02 14.0"" HD NanoEdge Display, 180 Degree, Intel Dual Core Celeron Processor, 4GB RAM, 32GB eMMC Storage, Silver Color",$204.95,3.8 out of 5 stars
"14.1"" Full HD Windows Laptop PC (Windows 10, 4GB RAM, Dual Band 5GHz WiFi (2X WiFi Speeds), T90B+ Pro Model, Lapbook, Intel Quad-Core, USB 3.0, Bluetooth, Laptop Compute (64GB)",$229.97,3.9 out of 5 stars
"2018 HP 15.6"" Business Laptop HD+ WLED-backlit Touchscreen Display Intel i3-7100U Processor 12GB DDR4 RAM 1TB HDD Intel 620 Graphics DVD-RW 802.11AC Wifi HDMI Windows 10-Black",$500.00,3.8 out of 5 stars
"ASUS VivoBook F510QA Thin & Lightweight Laptop, 15.6” FHD WideView, AMD Quad Core A12-9720P Processor, 8GB RAM, 256G SSD, Fingerprint Reader, Windows 10 in S Mode, F510QA-DS99",$359.00,3.8 out of 5 stars
"2019 ASUS VivoBook F510QA 15.6” WideView FHD Laptop Computer, AMD Quad-Core A12-9720P up to 3.6GHz, 4GB DDR4 RAM, 128GB SSD , USB 3.0, 802.11ac WiFi, HDMI, Windows 10",$298.00,4.1 out of 5 stars
"HP 15.6"" FHD Home and Business Laptop Core i7-1065G7, 20GB RAM, 1TB SSD, Intel Iris Plus Graphics, 4 Core up to 3.90 GHz, USB-C, HDMI 1.4 4K Output, Keypad, Webcam, 1920x1080, Win 10",$786.99,-1
"HP 15.6"" HD Touchscreen Laptop PC, Intel Core i5-7200U, 8GB RAM, 2TB HDD + 128GB SSD, HDMI, WiFi, DVD RW, Windows 10 Home",$592.00,3.9 out of 5 stars
"HP 2019 Newest 15 15.6 Inch HD Laptop (Intel Dual Core i3-7100U 2.4 GHz, 16GB RAM, 1TB HDD, Intel UHD Graphics 620, WiFi, HDMI, Bluetooth, Windows 10) (Silver)",$400.73,4.0 out of 5 stars
"Beantech W11046ADB Laptop (Windows 10 Home, Intel Cherry Trail z8300, 11.6"" LCD Screen, Storage: 64 GB, RAM: 4 GB) Black",$219.99,2.2 out of 5 stars
"Acer Chromebook R 11 Convertible Laptop, Celeron N3060, 11.6"" HD Touch, 4GB DDR3L, 32GB eMMC, C738T-C7KD",$209.99,3.9 out of 5 stars
"MSI GL75 Gaming Laptop: Core i7-9750H, 16GB RAM, 17.3"" 144Hz Full HD Display, NVidia GTX 1660 Ti, 256GB SSD + 1TB HDD","$1,289.00",-1
"ASUS TUF (2019) Gaming Laptop, 15.6” 120Hz FHD IPS-Type, AMD Ryzen 7 R7-3750H, GeForce GTX 1660 Ti, 16GB DDR4, 256GB PCIe SSD + 1TB HDD, Gigabit Wi-Fi 5, RGB KB, Windows 10 Home, TUF505DU-EB74",$999.99,3.6 out of 5 stars
"ASUS TUF Gaming Laptop, 17.3"" AMD Ryzen 7 3750H, GeForce GTX 1650, Gigabit Wi-Fi 5, Windows 10 (17.3"" | 8GB RAM | 512GB NVMe SSD | GTX 1650)",$839.99,-1
"2019 HP 17.3"" HD+ Flagship Home & Business Laptop, Intel Quad Core i5-8265U Processor Upto 3.9GHz, 8GB RAM, 256GB SSD, DVD-RW, WiFi, HDMI, GbE LAN, Bluetooth, Windows 10, Black",$479.95,-1
"2019 Newest Lenovo 15.6"" Laptop Computer, Intel Pentium Gold 5405U, 2.3GHz, 8GB DDR4 RAM, 256GB SSD, WiFi, Bluetooth, USB 3.1, HDMI, Windows 10 w/ Hesvap Accessories",$311.95,3.1 out of 5 stars
"2019 Newest Lenovo IdeaPad 15.6"" HD High Performance Laptop PC | AMD A6-9225 Dual-Core 2.60 GHz| 4GB RAM | 500GB HDD | 802.11ac | Bluetooth | DVD+/-RW | HDMI | Win 10",$255.00,2.9 out of 5 stars
"HP Chromebook X360 14-Inch HD Touchscreen Laptop, Intel Celeron N4000, 4 GB RAM, 32 GB eMMC, Chrome (14b-ca0010nr, Ceramic White/Mineral Silver)",$319.99,3.5 out of 5 stars
"Acer Chromebook 11, Celeron N3350, 11.6"" HD, 4GB LPDDR4, 32GB eMMC, Google Chrome, C732-C6WU",$192.99,4.5 out of 5 stars
"CHUWI HeroBook Laptop Computer Windows 10 PC, 14.1"" 1080P Display, Intel Atom X5-E8000 Quad Core, 4GB RAM/64GB eMMC and Extra 256GB SSD, 1TB M.2 SSD Slot, Thin and Lightweight",$229.99,3.5 out of 5 stars
"Bit CORE+ 10.1 Windows 10, 2 in 1 Detachable PC - with Bonus Full Function Bit Smart Watch (W10046APB+S1CG)",$219.99,1.0 out of 5 stars
"LG gram Laptop - 15.6"" Full HD Display, Intel 8th Gen Core I5, 8GB RAM, 256GB SSD, 21.5 HRs Battery - 15Z990-U.AAS5U1 (2019), Dark Silver",$946.99,4.3 out of 5 stars
"ASUS VivoBook 15 Thin and Light Laptop, 15.6” FHD, Intel Core i3-8145U CPU, 8GB RAM, 128GB SSD, Windows 10 in S Mode, F512FA-AB34, Slate Gray",$379.99,4.2 out of 5 stars
"Asus TUF Gaming Laptop, 15.6” Full HD IPS-Type, Intel Core i7-9750H, GeForce GTX 1650, 8GB DDR4, 512GB PCIe SSD, Gigabit Wi-Fi 5, Windows 10 Home, TUF505GT-AH73",$899.99,4.2 out of 5 stars
"Lenovo 100E Chromebook 2ND Gen Laptop, 11.6"" HD (1366 X 768) Display, MediaTek MT8173C Processor, 4GB LPDDR3 RAM, 16GB eMMC TLC SSD, Powervr GX6250, Chrome OS, 81QB000AUS, Black",$0,4.2 out of 5 stars
"Dell Inspiron 11 3195, 2 in 1, 7th Gen AMD A9-9420e W/ Radeon R5 Graphics, 4GB DDR4 2666MHz RAM, 64GB HD, 11.6"" HD (1366 X 768) LED-Backlit Touch Display",$199.99,3.3 out of 5 stars
"HP Chromebook 14-inch Touchscreen (1920x1080) FHD IPS WLED-Backlit Display Laptop PC, Intel Dual Core Celeron N3350 up to 2.4GHz, 4GB LPDDR4 RAM, 32GB eMMC, B&O Play, Webcam, Bluetooth, Chrome OS",$274.99,4.4 out of 5 stars
"Dell - Inspiron 15.6"" Laptop - Intel Core i3 - 8GB Memory - 1TB Hard Drive - Black",$399.99,2.8 out of 5 stars
"Fusion5 11.6"" Full HD Laptop Computer - Windows 10, C60B Model, Intel Quad-Core, Ultra Slim, WiFi, IPS Screen, Bluetooth, USB 3.0, Light-Weighted Windows Laptop (64GB)",$139.95,3.7 out of 5 stars
"ROG Zephyrus M Thin and Portable Gaming Laptop, 15.6” 240Hz FHD IPS, NVIDIA GeForce RTX 2070, Intel Core i7-9750H, 16GB DDR4 RAM, 1TB PCIe SSD, Per-Key RGB, Windows 10 Home, GU502GW-AH76","$1,749.99",4.8 out of 5 stars
"HP 11.6 Inch high performance Chromebook Laptop Computer, Intel Celeron N3060 Up to 2.48GHz, 4GB Memory, 16GB eMMC, WiFi 802.11ac, USB 3.1, Bluetooth, Webcam, Chrome OS (Renewed)",$133.99,3.9 out of 5 stars
"Beantech W11046ADB Laptop (Windows 10 Home, Intel Cherry Trail z8300, 11.6"" LCD Screen, Storage: 64 GB, RAM: 4 GB) Black",$219.99,2.2 out of 5 stars
"Acer Chromebook R 11 Convertible Laptop, Celeron N3060, 11.6"" HD Touch, 4GB DDR3L, 32GB eMMC, C738T-C7KD",$209.99,3.9 out of 5 stars
Dell Inspiron 15|Amd Ryzen 5 2500U Mobile Proc W/Radeon Vega 8 Graphics|8Gb|256Gb|15.6-Inch FHD (1920 X 1080),$484.88,3.6 out of 5 stars
"2019 Newest Flagship Lenovo IdeaPad 15.6"" HD High Performance Laptop PC |Intel Pentium 5405U 2.3 GHz| 4GB RAM | 500GB HDD | Bluetooth | HDMI | Windows 10",$244.90,4.1 out of 5 stars
"2019 Newest Lenovo Premium PC Laptop IdeaPad L340: 17.3 HD Display, AMD Ryzen 3-3200 Processor, 8GB Ram, 128GB SSD, WiFi, Bluetooth, DVDRW, USB-C, HDMI, Webcam, Dolby Audio, Windows 10",$478.00,4.4 out of 5 stars
"ASUS VivoBook 15 Ultraslim 15.6"" FHD (AMD Ryzen 5-3500U 2.1GHz, 8GB RAM, 512GB SSD, AMD Radeon Vega 8, Windows 10 64-Bit) Laptop Computer Bundle with McAfee Antivirus 1-Year, F512DA",$599.00,4.7 out of 5 stars
"HP Stream Laptop PC 11.6"" Intel N4000 4GB DDR4 SDRAM 32GB eMMC Includes Office 365 Personal for One Year",$163.00,3.5 out of 5 stars
"2019 Newest Lenovo Ideapad S145 15.6"" HD LED-Backlit Widescreen Laptop, Intel Pentium Gold 5405U 2.30GHz Processor, 16GB RAM, 1TB Hard Disk Drive, Wireless-AC, Bluetooth, Windows 10, Granite Black",$369.00,5.0 out of 5 stars
"HP Pavilion 2019 15.6 HD LED Laptop Notebook Computer PC, Intel I5-8265U, 8GB DDR4 RAM, 256GB PCIe Nvme SSD, USB 3.1, USB-C, Bluetooth, Webcam, Wi-Fi, Fast Charging, Windows 10 Home, Gold",$457.00,4.3 out of 5 stars
"HP Chromebook 15-Inch Laptop, Micro-Edge Touchscreen, Dual-Core Intel Pentium Gold 4417U Gold Processor, 4 GB SDRAM, 64 GB eMMC Storage, Chrome OS (15-de0010nr, Ceramic White/Mineral Silver)",$0,4.2 out of 5 stars
"CHUWI HeroBook Laptop Computer Windows 10 PC, 14.1"" 1080P Display, Intel Atom X5-E8000 Quad Core, 4GB RAM/64GB eMMC and Extra 256GB SSD, 1TB M.2 SSD Slot, Thin and Lightweight",$229.99,3.5 out of 5 stars
"Bit CORE+ 10.1 Windows 10, 2 in 1 Detachable PC - with Bonus Full Function Bit Smart Watch (W10046APB+S1CG)",$219.99,1.0 out of 5 stars
"ASUS VivoBook 15 Thin and Light Laptop, 15.6” FHD, Intel Core i3-8145U CPU, 8GB RAM, 128GB SSD, Windows 10 in S Mode, F512FA-AB34, Slate Gray",$379.99,4.2 out of 5 stars
"LG gram Laptop - 15.6"" Full HD Display, Intel 8th Gen Core I5, 8GB RAM, 256GB SSD, 21.5 HRs Battery - 15Z990-U.AAS5U1 (2019), Dark Silver",$946.99,4.3 out of 5 stars
"ASUS VivoBook F510UA Thin and Lightweight 15.6” FHD WideView NanoEdge Laptop, Intel Core i5-7200U 2.5GHz, 8GB DDR4 RAM, 1TB HDD, USB Type-C, Fingerprint Reader, Windows 10 – F510UA-AH50",$499.00,3.4 out of 5 stars
"HP Chromebook 14-inch Laptop with 180-Degree Swivel, AMD Dual-Core A4-9120 Processor, 4 GB SDRAM, 32 GB eMMC Storage, Chrome OS (14-db0020nr, Chalkboard Gray)",$184.99,4.0 out of 5 stars
"Newest HP 14"" HD Premium Business Laptop PC | 10th Gen Intel Quad-Core i5-1035G1 up to 3.6GHz | 8GB RAM | 256GB SSD | WiFi | HDMI | Card Reader | Bluetooth | Windows 10 | Silver",$449.99,-1
"Newest Dell Inspiron 5000 15.6"" FHD Touchscreen Premium Home & Business Laptop, Intel Quad Core i5-8265U Upto 3.9GHz, 16GB RAM, 256GB PCIe SSD by 16GB Optane + 500GB HDD, Backlit Keyboard, Windows 10",$605.50,4.7 out of 5 stars
"2019 Newest HP Pavilion 15 15.6"" HD Touchscreen Business Laptop Intel Quad-Core i5-8250U, 16GB DDR4, 512GB SSD, Type-C, HDMI, WiFi AC, UHD, Windows 10",$657.88,3.8 out of 5 stars
"Newest Flagship 2019 HP 14 14"" Micro-Edge Touchscreen Laptop Computer PC, AMD Ryzen 3 3200U 2.6GHz /Radeon Vega 3, 8GB RAM 256GB SSD, USB Type-C HDMI BT RJ-45 WiFi HD Webcam Win 10-Accessory Bundle",$329.00,-1
"2017 HP 17.3"" Business Flagship Laptop PC HD+ WLED-backlit Display Intel i3-7100U Processor 8GB DDR4 RAM 1TB HDD Intel 520 Graphics DVD-RW 802.11AC Wifi Webcam HDMI Windows 10-Silver",$429.00,3.9 out of 5 stars
"Newest HP 15.6 inch HD Touchscreen Flagship Premium Laptop PC, Intel Core i5-7200U Dual-Core, 8GB RAM, 2TB HDD, Bluetooth, WiFi, Stereo Speakers, Windows 10 Home",$544.00,4.0 out of 5 stars
"Beantech W11046ADB Laptop (Windows 10 Home, Intel Cherry Trail z8300, 11.6"" LCD Screen, Storage: 64 GB, RAM: 4 GB) Black",$219.99,2.2 out of 5 stars
"Acer Chromebook R 11 Convertible Laptop, Celeron N3060, 11.6"" HD Touch, 4GB DDR3L, 32GB eMMC, C738T-C7KD",$209.99,3.9 out of 5 stars
"2019_Dell Inspiron 15.6"" Touchscreen Performance Laptop, Intel Core i5-8265U Processor, 12GB RAM, 256GB SSD, Webcam, Wireless+Bluetooth, HDMI, Backlit Keyboard, Fingerprint Reader, Windows 10",$599.00,-1
"HP 15.6"" FHD Home and Business Laptop Core i7-1065G7, 32GB RAM, 1TB SSD, Intel Iris Plus Graphics, 4 Core up to 3.90 GHz, USB-C, HDMI 1.4 4K Output, Keypad, Webcam, 1920x1080, Win 10",$824.99,-1
"XIDU 11.6"" PhilBook Pro 2 in 1 Convertible Touchscreen Laptop, Intel J3355 Processor, 6GB RAM 128GB SSD, 2K (2560X1440) IPS Notebook with Metal Body, Windows 10 Home, Star Gray",$339.99,4.2 out of 5 stars
"Latest HP 14 Premium Thin & Light Touchscreen Laptop Computer PC 14"" HD Micro-Edge Display AMD Ryzen 3 3200U /Radeon Vega 3, 8GB RAM 128GB SSD USB-Type C HDMI RJ-45 WiFi Webcam Win 10-Accessory Bundle",$308.20,-1
"Lenovo Flex 11 2-in-1 Convertible Laptop, 11.6 Inch HD Touchscreen Display, Intel Pentium Silver N5000 Processor, 4GB DDR4, 64 GB eMMC, Windows 10 in S mode, 81A70006US, Mineral Gray",$283.41,4.2 out of 5 stars
"MSI GF63 Thin 9SCX-615 15.6"" Gaming Laptop, Intel Core i5-9300H, NVIDIA GTX 1050Ti, 8GB, 512GB NVMe SSD, Win10",$629.00,4.0 out of 5 stars
"Acer Swift 5 Ultra-Thin & Lightweight Laptop 15.6” FHD IPS Touch Display in a thin .23"" bezel, 8th Gen Intel Core i5-8265U, 8GB DDR4, 256GB PCIe NVMe SSD, Back-lit Keyboard, Windows 10, SF515-51T-507P",$746.95,4.0 out of 5 stars
"HP Stream 14-Inch Touchscreen Laptop, AMD Dual-Core A4-9120E Processor, 4 GB SDRAM, 64 GB eMMC, Windows 10 Home in S Mode with Office 365 Personal for One Year (14-ds0120nr, Rose Pink)",$287.31,3.8 out of 5 stars
"CHUWI HeroBook Laptop Computer Windows 10 PC, 14.1"" 1080P Display, Intel Atom X5-E8000 Quad Core, 4GB RAM/64GB eMMC and Extra 256GB SSD, 1TB M.2 SSD Slot, Thin and Lightweight",$229.99,3.5 out of 5 stars
"Bit CORE+ 10.1 Windows 10, 2 in 1 Detachable PC - with Bonus Full Function Bit Smart Watch (W10046APB+S1CG)",$219.99,1.0 out of 5 stars
"CHUWI HeroBook Laptop Computer Windows 10 PC, 14.1"" 1080P Display, Intel Atom X5-E8000 Quad Core, 4GB RAM/64GB eMMC and Extra 256GB SSD, 1TB M.2 SSD Slot, Thin and Lightweight",$229.99,3.5 out of 5 stars
"Bit CORE+ 10.1 Windows 10, 2 in 1 Detachable PC - with Bonus Full Function Bit Smart Watch (W10046APB+S1CG)",$219.99,1.0 out of 5 stars
"Lenovo Flex 14 Convertible Laptop, 14 Inch FHD (1920 X 1080) IPS Touch Display, Intel Core I5-8265U Processor, 8GB DDR4 RAM, 128GB Nvme SSD, Intel UHD Graphics 615, Windows 10, 81SQ0009US, Onyx Black",$459.00,4.4 out of 5 stars
"2019 Lenovo 11.6"" HD IPS Touchscreen 2-in-1 Chromebook, Quad-Core MediaTek MT8173C (4C, 2X A72 + 2X A53), 4GB RAM, 32GB eMMC, 802.11ac WiFi, Bluetooth 4.2, HDMI, Type-C, Chrome OS",$228.79,4.3 out of 5 stars
"HP ENVY 13 Inch Thin Laptop w/ Fingerprint Reader, 4K Touchscreen, Intel Core i7-8565U, NVIDIA GeForce MX250 Graphics, 16GB SDRAM, 512GB SSD, Windows 10 Home (13-aq0044nr, Natural Silver)",$949.00,3.8 out of 5 stars
"Lenovo Thinkpad E590 15.6"" HD Business Laptop (Intel Quad Core i5-8265U, 16GB DDR4 Memory, 512GB PCIe 3.0(x4) NVMe SSD M.2 SSD) Type-C, HDMI, Ethernet, Webcam, Windows 10 Professional",$684.99,4.3 out of 5 stars
"New ! Dell Inspiron i3583 15.6"" HD Touch-Screen Laptop - Intel i5-8265U - 8GB DDR4-256GB SSD - Windows 10 - Wireless-AC - Bluetooth, SD Card Reader, HDMI & USB 3.1 -Waves MaxxAudio Pro- Black",$417.98,-1
"HP 2019 Newest 15 15.6 Inch HD Laptop (Intel Dual Core i3-7100U 2.4 GHz, 4GB RAM, 1TB HDD, Intel UHD Graphics 620, WiFi, HDMI, Bluetooth, Windows 10) (Silver)",$316.98,3.8 out of 5 stars
"2018 Acer 15.6"" HD WLED Chromebook 15 with 3X Faster WiFi Laptop Computer, Intel Celeron Core N3060 up to 2.48GHz, 4GB RAM, 16GB eMMC, 802.11ac WiFi, Bluetooth 4.2, USB 3.0, HDMI, Chrome OS",$195.97,4.0 out of 5 stars
"ASUS VivoBook 15.6"" FHD Laptop, 4 Cores up to 3.60GHz, 20GB RAM, 512GB SSD Business Notebook, A12 Processor, 1920x1080, USB Type-C, Ultra Thin, SD Card, HDMI, Wi-Fi, Bluetooth, Win 10",$449.48,-1
"Acer Spin 3 Convertible Laptop, 14 inches Full HD IPS Touch, 8th Gen Intel Core i7-8565U, 16GB DDR4, 512GB PCIe NVMe SSD, Backlit KB, Fingerprint Reader, Rechargeable Active Stylus, SP314-53N-77AJ",$709.99,4.3 out of 5 stars
"Bit CORE+ 11.6 Windows 10, 2 in 1 Detachable PC - with Bonus Full Function Bit Smart Watch (W11046APB+S1CG)",$259.99,3.0 out of 5 stars
"ASUS VivoBook Flip 14 Thin and Light 2-in-1 HD Touchscreen Laptop, Intel 2.6GHz Processor, 4GB RAM, 64GB Storage, Windows 10 in S Mode (Switchable to Win 10 Home), 1 Year Office 365 - J401MA-YS02",$338.79,3.8 out of 5 stars
"HP Pavilion 15.6 HD 2019 Newest Thin and Light Laptop Notebook Computer, Intel AMD A6-9225, 8GB RAM, 1TB HDD, Bluetooth, Webcam, DVD-RW, WiFi, Win 10",$0,3.7 out of 5 stars
"HP Premium 15.6-inch HD WLED-Backlit Display Laptop PC, Intel Dual Core i3-7100U 2.4GHz Processor, 4GB DDR4 SDRAM, 1TB HDD, Bluetooth, HDMI, Webcam, 802.11ac WiFi, Windows 10, Natural Silver",$339.00,4.8 out of 5 stars
"Acer High Performance 11.6inch HD Laptop, Intel Celeron Processor, 4GB RAM, 64GB Storage, Intel HD Graphics, Wifi, Bluetooth, HDMI, Win10 Pro (Renewed)",$159.99,4.1 out of 5 stars
"Lenovo Ideapad Premium 15.6"" Laptop Notebook Computer 2019 New, AMD A9-9425 Up to 3.7GHz, 8GB RAM, 1TB HDD, DVD-RW, Wi-Fi, Bluetooth, Webcam, USB 3.0, HDMI, Windows 10 W/ 29.9 Value Accessories Bundle",$302.40,3.4 out of 5 stars
"HP 15.6"" HD 2019 New Touch-Screen Laptop Notebook Computer, Intel Pentium Quad-Core N5000 (up to 2.7 GHz), 8GB DDR4, 1TB HDD, Bluetooth, Wi-Fi, HDMI, Webcam, Win 10",$355.00,3.7 out of 5 stars
"Microsoft Surface Laptop (Intel Core i5, 8GB RAM, 256GB) - Burgundy (Renewed)",$612.31,4.4 out of 5 stars
"Dell Inspiron 15 Intel Core i3-7130U 8GB 1TB HDD 15.6"" HD LED Windows 10 Laptop",$388.88,3.9 out of 5 stars
"Acer Chromebook R 11 Convertible Laptop, Celeron N3060, 11.6"" HD Touch, 4GB DDR3L, 32GB eMMC, C738T-C7KD",$209.99,3.9 out of 5 stars
"Beantech W11046ADB Laptop (Windows 10 Home, Intel Cherry Trail z8300, 11.6"" LCD Screen, Storage: 64 GB, RAM: 4 GB) Black",$219.99,2.2 out of 5 stars
"ASUS VivoBook 15 Thin and Light Laptop, 15.6” FHD, Intel Core i3-8145U CPU, 8GB RAM, 128GB SSD, Windows 10 in S Mode, F512FA-AB34, Slate Gray",$379.99,4.2 out of 5 stars
"LG gram Laptop - 15.6"" Full HD Display, Intel 8th Gen Core I5, 8GB RAM, 256GB SSD, 21.5 HRs Battery - 15Z990-U.AAS5U1 (2019), Dark Silver",$946.99,4.3 out of 5 stars
"Dell I3565-A453BLK-PUS Laptop (Windows 10 Home, AMD Dual-Core A6-9220, 15.6"" LCD Screen, Storage: 500 GB, RAM: 4 GB) Black",$299.00,2.9 out of 5 stars
"2020 Lenovo IdeaPad 14"" Laptop Computer, AMD A6-9220e 1.6GHz, 4GB Memory, 64GB eMMC Flash Memory, AMD Radeon R4, AC WiFi, Microsoft Office 365, 2 Year Warranty, Gray, Windows 10 Home",$199.99,-1
"Lenovo 130S, Premium 2019 Flagship 11.6"" HD Laptop, Intel Celeron Dual-Core N4000 up to 2.6GHz, 4GB DDR4, 64GB eMMC Flash Memory, Intel UHD Graphics 600 Bluetooth WiFi HD Webcam USB-C HDMI Win 10 S",$205.00,4.6 out of 5 stars
"Lenovo ideapad S340 15.6"" HD LED Backlit Anti-Glare Display Laptop, Intel Core i3-8145U 2.1GHz up to 3.9GHz, 8GB DDR4, 128GB NVMe SSD, Bluetooth, USB 3.1, HDMI, Webcam, Windows 10",$333.33,3.4 out of 5 stars
"HP 15.6"" HD Touch i7-8550U 4GHz 4GB DDR4 1TB HDD + 16GB Optane DVD Webcam Bluetooth HDMI Windows 10",$488.99,-1
"Lenovo Chromebook S330 Laptop, 14-Inch HD (1366 x 768) Display, MediaTek MT8173C Processor, 4GB OnBoard LPDDR3, 32GB eMMC SSD, Chrome OS, 81JW0001US, Black",$0,4.1 out of 5 stars
"2019 Dell Inspiron 15 6"" HD Touchscreen Flagship Premium Laptop Computer, 8th Gen Intel Core i3-8145U Up to 3.1GHz, 8GB DDR4 RAM, 128GB SSD, HDMI, USB 3.0, Bluetooth, WiFi, Windows 10 Home",$0,3.0 out of 5 stars
"2019 14"" Laptop - Intel Quad-Core Atom x5 E8000 Processor - 4GB Memory - 64GB Solid State Drive -2PCS 4500mAh Large Capacity Battery Endurance- Ash Silver Keyboard Frame",$188.99,3.9 out of 5 stars
"Beantech W11046ADB Laptop (Windows 10 Home, Intel Cherry Trail z8300, 11.6"" LCD Screen, Storage: 64 GB, RAM: 4 GB) Black",$219.99,2.2 out of 5 stars
"Acer Chromebook R 11 Convertible Laptop, Celeron N3060, 11.6"" HD Touch, 4GB DDR3L, 32GB eMMC, C738T-C7KD",$209.99,3.9 out of 5 stars
"Asus Vivobook F705QA Thin and Lightweight Laptop, 17.3” HD+ Display, AMD Quad Core A12-9720P, 8GB DDR4, 1TB Hybrid HDD, Wi-Fi 5, Windows 10 - F705QA-DS99",$0,3.3 out of 5 stars
"Dell Inspiron 15 5000 Laptop Computer: Core i7-8550U, 128GB SSD + 1TB HDD, 8GB RAM, 15.6-inch Full HD Display, Backlit Keyboard, Windows 10",$750.00,4.0 out of 5 stars
"Dell Inspiron 15-5570 15.6in FHD Touchscreen Laptop PC - Intel Core i5-8250U 1.6GHz, 12GB, 1TB HDD, DVDRW, Webcam, Bluetooth, Intel UHD 620 Graphics, Windows 10 Home (Renewed)",$499.66,3.8 out of 5 stars
"HP Flyer Red 15.6 Inch Touchscreen Laptop Intel Pentium Gold Processor N4417U 2.30 GHz 4GB RAM, 500GB Hard Drive, DVD Drive, HD Webcam, Windows 10 Home) (Renewed)",$279.99,4.0 out of 5 stars
HP Elitebook 8470p Laptop - Core i5 3320m 2.6ghz - 8GB DDR3 - 128GB SSD - DVDRW - Windows 10 64bit - (Renewed),$217.99,3.8 out of 5 stars
"2019 Lenovo ThinkPad T450 14"" Business Laptop Computer, Intel Core i5-5300U Up to 2.9GHz, 8GB RAM, 256GB SSD, 802.11AC WiFi, Bluetooth, Windows 10 Professional (Renewed)",$265.00,4.0 out of 5 stars
"HP 2018 Stream 14 Inch Laptop Computer, Intel Celeron N3060 1.6GHz, 4GB RAM, 32GB SSD, Windows 10 (Renewed)",$159.00,3.2 out of 5 stars
"HP 15.6 2019 Newest Premium Pavilion Touchscreen Laptop Notebook Computer, Intel Pentium 4-Core N5000, up to 2.7 GHz, 8GB RAM, 256GB SSD, Win 10",$399.95,3.9 out of 5 stars
"CHUWI HeroBook Laptop Computer Windows 10 PC, 14.1"" 1080P Display, Intel Atom X5-E8000 Quad Core, 4GB RAM/64GB eMMC and Extra 256GB SSD, 1TB M.2 SSD Slot, Thin and Lightweight",$229.99,3.5 out of 5 stars
"Bit CORE+ 10.1 Windows 10, 2 in 1 Detachable PC - with Bonus Full Function Bit Smart Watch (W10046APB+S1CG)",$219.99,1.0 out of 5 stars
"LG gram Laptop - 15.6"" Full HD Display, Intel 8th Gen Core I5, 8GB RAM, 256GB SSD, 21.5 HRs Battery - 15Z990-U.AAS5U1 (2019), Dark Silver",$946.99,4.3 out of 5 stars
"Acer Spin 3 Convertible Laptop, 14 inches Full HD IPS Touch, 8th Gen Intel Core i7-8565U, 16GB DDR4, 512GB PCIe NVMe SSD, Backlit KB, Fingerprint Reader, Rechargeable Active Stylus, SP314-53N-77AJ",$709.99,4.3 out of 5 stars
"2019 Dell Inspiron 14"" Laptop Computer| 10th Gen Intel Quad-Core i5 1035G4 Up to 3.7GHz| 4GB DDR4 RAM| 128GB PCIe SSD| Intel UHD Graphics| 802.11ac WiFi| Bluetooth 4.1| USB 3.1| HDMI| Windows 10",$339.22,-1
"HP Stream 11.6 inch Flagship Laptop, Intel Celeron Core up to 2.48GHz, 4GB RAM, 32GB Solid State Drive, WiFi, Bluetooth, Webcam, USB 3.0, Windows 10 Home, Blue (Renewed)",$169.99,3.2 out of 5 stars
"Lenovo Chromebook C330 2-in-1 Convertible Laptop, 11.6-Inch HD (1366 x 768) IPS Display, MediaTek MT8173C Processor, 4GB LPDDR3, 64 GB eMMC, Chrome OS, 81HY0000US, Blizzard White",$0,4.2 out of 5 stars
"2019 HP 14, 14"" HD Thin & Light Flagship Laptop Computer, 7th Gen Intel Core i3-7100U 2.40GHz, 4GB DDR4 RAM, 128GB SSD, WiFi, Bluetooth, USB 3.1 Type-C, HDMI, Stereo Speakers, Windows 10",$298.97,4.6 out of 5 stars
"Lenovo Chromebook S330 Laptop, 14-Inch FHD (1920 x 1080) Display, MediaTek MT8173C Processor, 4GB LPDDR3, 64GB eMMC, Chrome OS, 81JW0000US, Business Black",$239.99,3.9 out of 5 stars
Chromebooks Explained in Simple Terms - Is a Chromebook for you? - Chromebooks 101,$0,4.6 out of 5 stars
"Newest HP Stream 14"" HD(1366x768) Display, Intel Celeron N4000 Dual-Core Processor, 4GB RAM, 32GB eMMC, HDMI, WiFi, Webcam, Bluetooth, Win10 S, Brilliant Black(Renewed) (Brilliant Black/ N4000)",$179.99,3.2 out of 5 stars
"2019 Lenovo L340 17.3"" Laptop Computer, 8th Gen Intel Core i3-8145U Up to 3.9GHz, 8GB DDR4, 1TB HDD, DVD-RW, AC WiFi, HDMI, USB 3.0, Bluetooth, Windows 10 Home",$479.00,4.0 out of 5 stars
"Beantech W11046ADB Laptop (Windows 10 Home, Intel Cherry Trail z8300, 11.6"" LCD Screen, Storage: 64 GB, RAM: 4 GB) Black",$219.99,2.2 out of 5 stars
"Acer Chromebook R 11 Convertible Laptop, Celeron N3060, 11.6"" HD Touch, 4GB DDR3L, 32GB eMMC, C738T-C7KD",$209.99,3.9 out of 5 stars
"HP Pavilion 15 15.6"" IPS Touchscreen Full HD (1920x1080) Business Laptop - 8th Gen Intel Quad-Core i5-8250U, 8GB DDR4, 1TB HDD, USB Type-C, FHD IR Webcam, WiFi AC, HDMI, Ethernet RJ-45, Windows 10",$559.99,3.9 out of 5 stars
"2019 HP Stream Laptop 14"", Intel Celeron N4000, Intel UHD Graphics 600, 4GB SDRAM, 32GB SSD, HDMI, Win10, 14-cb164wm Brilliant Black (Renewed)",$179.98,3.2 out of 5 stars
"HP 2019 Newest HP 17 17.3"" HD+ (1600x900) Premium Laptop (Intel Core i5-7200U, 8GB 2400 MHz DDR4, 1TB HDD, HDMI, Wi-Fi, Bluetooth, Ethernet Gigabit RJ-45, Windows 10 - Black)",$559.00,4.0 out of 5 stars
HP 15-bs234wm Intel Pentium N5000 Quad Core 4GB 500GB 15.6-inch Windows 10 Laptop (Renewed),$250.98,4.1 out of 5 stars
"Acer Chromebook R 11 Convertible Laptop, Celeron N3060, 11.6"" HD Touch, 4GB DDR3L, 32GB eMMC, C738T-C7KD",$209.99,3.9 out of 5 stars
"Samsung Electronics XE500C13 Chromebook 3 2GB RAM 16GB SSD Laptop, 11.6""",$159.99,4.1 out of 5 stars
"ASUS Vivobook K571 Laptop, 15.6” FHD, Intel Core i7-9750H CPU, NVIDIA GeForce GTX 1650, 16GB RAM, 256GB PCIe Nvme SSD + 1TB HDD, Windows 10 Home, K571GT-EB76, Star Black",$899.99,3.7 out of 5 stars
"Dell M4800 15.6in FHD Ultrapowerful Mobile Workstation Business Laptop Computer, Intel Core i7-4810QM 2.8Ghz, 16GB RAM, 500GB HDD, WiFi AC, NVIDIA Quadro K2100M, Windows 10 Pro (Renewed)",$398.00,4.3 out of 5 stars
"CHUWI HeroBook Laptop Computer Windows 10 PC, 14.1"" 1080P Display, Intel Atom X5-E8000 Quad Core, 4GB RAM/64GB eMMC and Extra 256GB SSD, 1TB M.2 SSD Slot, Thin and Lightweight",$229.99,3.5 out of 5 stars
"Bit CORE+ 10.1 Windows 10, 2 in 1 Detachable PC - with Bonus Full Function Bit Smart Watch (W10046APB+S1CG)",$219.99,1.0 out of 5 stars
"ASUS VivoBook 15 Thin and Light Laptop, 15.6” FHD, Intel Core i3-8145U CPU, 8GB RAM, 128GB SSD, Windows 10 in S Mode, F512FA-AB34, Slate Gray",$379.99,4.2 out of 5 stars
"Acer Aspire 5 Slim Laptop, 15.6 Inches FHD IPS Display, 8th Gen Intel Core i5-8265U, 8GB DDR4, 256GB SSD, Fingerprint Reader, Windows 10 Home, A515-54-51DJ",$488.99,4.3 out of 5 stars
"HP 14 Laptop, 14"" HD Display, Intel Pentium Gold 4417U 2.3GHz, 8GB RAM, 256GB NVMe SSD, HDMI, Card Reader, Wi-Fi, Bluetooth, Windows 10 Pro",$342.63,3.0 out of 5 stars
"Dell Inspiron 17 3790, i3790-5104BLK-PUS, 10th Generation Intel Core i5-10210U, 17.3-Inch FHD (1920 X 1080), 8GB x 1 DDR4 2666MHz, 1 TB 5400 RPM, Tray Load DVD Drive",$699.99,4.3 out of 5 stars
"HP Chromebook 11-Inch Laptop, Intel Celeron N3060 Processor, 2 GB SDRAM, 16 GB eMMC Storage, Chrome OS (11-v000nr, Ash Gray)",$155.24,-1
"MSI Modern 14 A10M-460 14"" Ultra Thin and Light Professional Laptop Intel Core i5-10210UUMA 8GB DDR4 512GB NVMe SSD Win10 Home",$749.00,3.6 out of 5 stars
"2019 Newest Lenovo Ideapad S145 15.6"" HD TN Widescreen Laptop, AMD A6-9225 Dual-Core Processor up to 3.00GHz, 8GB RAM, 512GB Solid State Drive, HDMI, Wireless-AC, Bluetooth, Windows 10, Granite Black",$325.00,-1
"Dell Latitude 3340 13.3"" Laptop, Intel Core i5, 8GB RAM, 500GB HDD, Win10 Home (Renewed)",$249.00,-1
"Newest HP 14"" FHD IPS Premium Business Laptop | Intel Quad-Core i5-1035G4 Upto 3.7GHz | 4GB RAM | 128GB SSD | Backlit Keyboard | WiFi | HDMI | USB-C | Bluetooth | Windows 10",$399.00,-1
"HP Envy 17~ae111dx Laptop 17.3in Edge-to-Edge IPS TouchScreen Full HD (1920x1080), 8th Gen Quad-Core i7-8550U, 16GB DDR4, 1TB HDD, NVIDIA MX150, IR Camera, Backlit, Windows 10 (Renewed )",$803.00,5.0 out of 5 stars
"Bit CORE+ 10.1 Windows 10, 2 in 1 Detachable PC - with Bonus Full Function Bit Smart Watch (W10046APB+S1CG)",$219.99,1.0 out of 5 stars
"Beantech W11046ADB Laptop (Windows 10 Home, Intel Cherry Trail z8300, 11.6"" LCD Screen, Storage: 64 GB, RAM: 4 GB) Black",$219.99,2.2 out of 5 stars
"2019 ASUS VivoBook F510QA 15.6” WideView FHD Laptop Computer, AMD Quad-Core A12-9720P up to 3.6GHz, 12GB DDR4 RAM, 128GB SSD + 1TB HDD , USB 3.0, 802.11ac WiFi, HDMI, Windows 10",$398.85,4.2 out of 5 stars
"2019 ASUS VivoBook 15 15.6 Inch FHD 1080P Laptop (AMD Ryzen 3 3200U up to 3.5GHz, 16GB DDR4 RAM, 256GB SSD, AMD Radeon Vega 3, Backlit Keyboard, FP Reader, WiFi, Bluetooth, HDMI, Windows 10) (Grey)",$0,-1
"HP Probook 450 G6 15.6 Inch Full HD 1080P Professional Laptop, Intel Core I5-8265U, 8 GB RAM, 256 GB SSD, Windows 10 Pro",$0,3.5 out of 5 stars
"Acer Aspire 5 Slim Laptop, 15.6"" Full HD IPS Display, 8th Gen Intel Core i3-8145U, 4GB DDR4, 128GB PCIe Nvme SSD, Backlit Keyboard, Windows 10 in S Mode, A515-54-30BQ",$0,4.3 out of 5 stars
"New 2019 Flagship ASUS X441BA - 14"" HD AMD A6-9225 up to 3.0GHz, 4GB DDR4 RAM, 500GB HDD, AMD Radeon R4, WiFi, Bluetooth, USB 3.1 Type-C, HDMI, Silver Gradient, Windows 10 Home",$209.00,3.0 out of 5 stars
"Lenovo Ideapad 15.6 HD High Performance Laptop, AMD Dual Core A9-9425 3.1Ghz Boost Upto 3.7Ghz, 12GB Memory, 2TB HDD, Wireless-AC, Bluetooth, HDMI, Windows 10",$395.98,-1
"2019 HP Probook 450 G6 15.6"" HD Business Laptop (Intel Quad-Core i5-8265U, 16GB DDR4 RAM, 512GB M.2 SSD, UHD 620) Backlit, USB Type-C, RJ45, HDMI, Windows 10 Pro Professional",$697.00,3.7 out of 5 stars
"Dell G7 17 Gaming Laptop (Windows 10 Home, 9th Gen Intel Core i7-9750H, NVIDIA GTX 1660 Ti 6G, 17.3"" FHD LCD Screen, 512GB SSD, 16 GB RAM) G7790-7662GRY-PUS","$1,219.00",3.9 out of 5 stars
"CHUWI HeroBook Laptop Computer Windows 10 PC, 14.1"" 1080P Display, Intel Atom X5-E8000 Quad Core, 4GB RAM/64GB eMMC and Extra 256GB SSD, 1TB M.2 SSD Slot, Thin and Lightweight",$229.99,3.5 out of 5 stars
"Acer Chromebook R 11 Convertible Laptop, Celeron N3060, 11.6"" HD Touch, 4GB DDR3L, 32GB eMMC, C738T-C7KD",$209.99,3.9 out of 5 stars
"CHUWI HeroBook Laptop Computer Windows 10 PC, 14.1"" 1080P Display, Intel Atom X5-E8000 Quad Core, 4GB RAM/64GB eMMC and Extra 256GB SSD, 1TB M.2 SSD Slot, Thin and Lightweight",$229.99,3.5 out of 5 stars
"Bit CORE+ 10.1 Windows 10, 2 in 1 Detachable PC - with Bonus Full Function Bit Smart Watch (W10046APB+S1CG)",$219.99,1.0 out of 5 stars
"2019 ASUS 14"" Premium High Performance Laptop Computer| AMD A6-9225 up to 3.0GHz| 4GB DDR4 RAM| 500GB HDD| AMD Radeon R4| WiFi| Bluetooth| USB 3.1 Type-C| HDMI| Silver Gradient| Windows 10 Home|",$206.97,3.7 out of 5 stars
"HP 2018 Elitebook 840 G1 14' HD LED-backlit anti-glare Laptop Computer, Intel Dual-Core i5-4300U up to 2.9GHz, 8GB RAM, 500GB HDD, USB 3.0, Bluetooth, Window 10 Professional (Renewed)",$220.99,3.6 out of 5 stars
"HP 14"" HD WLED-Backlit High Performance Business Laptop Computer, Intel Pentium Gold 4417U Processor 2.3GHz, 8GB DDR4, 256GB SSD, Webcam, Bluetooth, HDMI, Windows 10 Home in S Mode, Silver",$325.00,-1
"2019 Latest Lenovo S130-14 Laptop PC Intel Celeron N4000 1.1Ghz (Upto 2.6 Ghz), 4GB, 64GB eMMC SSD, 14.0"" (1366x768) HD Display Windows 10 Midnight Blue Color",$192.90,5.0 out of 5 stars
"ASUS Newest 11.6"" HD Laptop - Intel Celeron Processor, 4GB RAM, 32GB eMMC Flash Memory, HDMI, Bluetooth, Windows 10",$162.00,3.7 out of 5 stars
"New ! Dell Inspiron i3583 15.6"" HD Touch-Screen Laptop - Intel i3-8145U - 8GB DDR4-128GB SSD - Windows 10 - Wireless-AC - Bluetooth - SD Card Reader - HDMI & USB 3.1 -Waves MaxxAudio Pro- Black",$350.00,4.0 out of 5 stars
"HP 15.6-Inch HD Touchscreen Laptop (Intel Pentium Silver N5000 1.1GHz, 4GB DDR4-2400 Memory, 1TB HDD, HDMI, HD Webcam, Win 10)",$289.95,3.3 out of 5 stars
"2019 Dell Inspiron 15 6"" HD Touchscreen Flagship Premium Laptop Computer, 7th Gen Intel Core i5-7200U Up to 3.1GHz, 8GB DDR4 RAM, 256GB SSD, HDMI, USB 3.0, Bluetooth, WiFi, Windows 10 Home",$412.96,5.0 out of 5 stars
"Acer Spin 3 Convertible Laptop, 14 inches Full HD IPS Touch, 8th Gen Intel Core i7-8565U, 16GB DDR4, 512GB PCIe NVMe SSD, Backlit KB, Fingerprint Reader, Rechargeable Active Stylus, SP314-53N-77AJ",$709.99,4.3 out of 5 stars
"Bit CORE+ 11.6 Windows 10, 2 in 1 Detachable PC - with Bonus Full Function Bit Smart Watch (W11046APB+S1CG)",$259.99,3.0 out of 5 stars
"Lenovo 15.6"" HD Premium Home and Business Laptop, AMD Dual Core A9-9425 Processor Upto 3.7GHz, 16GB RAM, 512GB SSD, DVD-RW, AMD Radeon R5 Graphics, WiFi, HDMI, Webcam, Bluetooth, Windows 10",$379.97,-1
"Newest 2019 Flagship Lenovo IdeaPad 330S 15.6"" Laptop Intel Core i3 4GB Memory 128GB Solid State Drive Midnight Blue",$285.00,4.0 out of 5 stars
HP (17-BY1053DX) 17.3 Laptop - Core i5-8265U - 8GB Memory - 256GB Solid State Drive - Jet Black/Maglia Pattern,$467.00,4.4 out of 5 stars
"Microsoft Surface Laptop 3 – 13.5"" Touch-Screen – Intel Core i7 – 16GB Memory - 256GB Solid State Drive (Latest Model) – Sandstone","$1,399.00",3.9 out of 5 stars
"Dell Inspiron 14 2 In 1 Laptop 14"" HD (1366 X 768) Touchscreen|8th Gen Intel Core i3-8145U Processor| 4GB RAM|128 SSD | Windows 10 | i5481-3595GRY",$0,3.5 out of 5 stars
"Lenovo Ideapad L340 Gaming Laptop, 15.6 Inch FHD (1920 X 1080) IPS Display, Intel Core i5-9300H Processor, 8GB DDR4 RAM, 512GB Nvme SSD, NVIDIA GeForce GTX 1650, Windows 10, 81LK00HDUS, Black",$624.99,4.0 out of 5 stars
"MSI GF63 Thin 9SC-066 15.6"" Gaming Laptop, Thin Bezel, Intel Core i7-9750H, NVIDIA GeForce GTX1650, 16GB, 512GB NVMe SSD",$879.00,4.1 out of 5 stars
The Laptop Millionaire: How Anyone Can Escape the 9 to 5 and Make Money Online,$0.00,4.3 out of 5 stars
"Acer Chromebook R 11 Convertible Laptop, Celeron N3060, 11.6"" HD Touch, 4GB DDR3L, 32GB eMMC, C738T-C7KD",$209.99,3.9 out of 5 stars
"Beantech W11046ADB Laptop (Windows 10 Home, Intel Cherry Trail z8300, 11.6"" LCD Screen, Storage: 64 GB, RAM: 4 GB) Black",$219.99,2.2 out of 5 stars
"ASUS VivoBook 15 Thin and Light Laptop, 15.6” FHD, Intel Core i3-8145U CPU, 8GB RAM, 128GB SSD, Windows 10 in S Mode, F512FA-AB34, Slate Gray",$379.99,4.2 out of 5 stars
"LG gram Laptop - 15.6"" Full HD Display, Intel 8th Gen Core I5, 8GB RAM, 256GB SSD, 21.5 HRs Battery - 15Z990-U.AAS5U1 (2019), Dark Silver",$946.99,4.3 out of 5 stars
The Man Who Lied to His Laptop: What We Can Learn About Ourselves from Our Machines,$12.44,4.3 out of 5 stars
"Lenovo IdeaPad 130 Notebook, 15.6"" HD, AMD Dual-Core A9-9425 Upto 3.7GHz, 8GB RAM, 128GB SSD, DVD-RW, HDMI, Card Reader, Wi-Fi, Bluetooth, Windows 10 Pro",$299.99,2.7 out of 5 stars
"2019 Dell 15.6"" FHD IPS High Performance Gaming Laptop | Intel Quad-Core i5-8300H | 16GB DDR4 Memory | 512GB SSD +1TB HDD | GeForce GTX 1050 Ti 4GB | Backlit Keyboard | MaxxAudio Pro | Windows 10",$750.00,4.4 out of 5 stars
Goldengulf 10.1 Inch Computer Laptop PC Android 6.0 Quad Core Notebook Netbook 8GB with WiFi Webcam Netflix YouTube Google Player Flash Ultra Slim (Pink),$138.86,5.0 out of 5 stars
"ASUS ZenBook 14 Ultra Thin & Light Laptop, 4-Way NanoEdge 14” Full HD, Intel Core i7-8565U, 8GB LPDDR3 RAM, 512GB NVMe PCIe SSD, Wi-Fi 5, Windows 10, Silver Blue, UX431FA-ES74",$889.00,3.9 out of 5 stars
"NCIS: Los Angeles, Season 11",$1.99,4.5 out of 5 stars
"ASUS VivoBook 15.6"" FHD Anti-Glare Laptop, Intel Quad Core A12-9720P 2.7GHz up to 3.6GHz, 8GB DDR4, 512GB SSD, AMD Radeon R7, USB Type-C, Bluetooth, Fingerprint Reader, Webcam, WiFi, HDMI, Windows 10",$400.01,3.9 out of 5 stars
"2019 Lenovo IdeaPad S340 15.6 Inch Laptop (Intel Quad-Core i5-8265U up to 3.9GHz, 20GB DDR4 RAM, 256GB SSD (Boot) + 1TB HDD, Intel UHD Graphics 620, WiFi, Bluetooth, HDMI, Windows 10) (Black)",$626.68,-1
"Beantech W11046ADB Laptop (Windows 10 Home, Intel Cherry Trail z8300, 11.6"" LCD Screen, Storage: 64 GB, RAM: 4 GB) Black",$219.99,2.2 out of 5 stars
"Acer Chromebook R 11 Convertible Laptop, Celeron N3060, 11.6"" HD Touch, 4GB DDR3L, 32GB eMMC, C738T-C7KD",$209.99,3.9 out of 5 stars
Acer 14in Swift 1 Laptop Intel Pentium Silver N5000-1.1GHz 4GB Ram 64GB Flash Windows 10 S (Renewed),$0,4.3 out of 5 stars
"2019 Newest HP 14"" Touch-Screen Laptop Intel Core i3 4GB RAM 128GB SSD Windows 10- Ash Silver Keyboard Frame",$299.89,3.9 out of 5 stars
"2019_Dell Vostro Real Business 3000 15.6"" FHD Laptop with Intel Core i5-8265U, 8GB RAM, 1TB HD, SD Card Reader, HDMI, USB 3.1, Win10Pro",$545.00,-1
Dell E6540 15.6inch Laptop Intel Core i5-4300M 2.6GHz 8GB Ram 500GB HDD  Windows 10 Pro 64bit (Renewed),$222.00,3.6 out of 5 stars
"【8GB/Office 2010】 15.6-inch Large Screen Luminous Keyboard high-Performance Laptop J3455 Quiet CPU Wireless LAN 6-Hour Continuous use Windows10 Standard Laptop by Smart US (64G, Rose Gold)",$0,5.0 out of 5 stars
"ASUS ROG G531GT-BI7N6 15.6"" FHD Gaming Laptop Computer, Intel Hexa-Core i7-9750H Up to 4.5GHz, 8GB DDR4, 512GB SSD, NVIDIA GeForce GTX 1650, 802.11ac WiFi, HDMI, USB 3.0, Windows 10",$918.76,4.2 out of 5 stars
"Acer Aspire 5 Slim Laptop, 15.6"" Full HD IPS Display, 8th Gen Intel Core i7-8565U, NVIDIA GeForce MX250, 12GB DDR4, 512GB PCIe Nvme SSD, Windows 10 Home, A515-54G-73WC",$769.00,3.8 out of 5 stars
"Dell G5 15 5590,G5590-5547BLK-PUS,8th Gen Intel Core i5 8300H Proc (Quad-Core, 8MB Cache, up to 4.0GHz w/Turbo Boost),15.6"" FHD,NVIDIA(R) GeForce(R) GTX 1050Ti w/4gb Graphics mem,1TB HDD+128GB SSD",$768.07,3.6 out of 5 stars
"CHUWI HeroBook Laptop Computer Windows 10 PC, 14.1"" 1080P Display, Intel Atom X5-E8000 Quad Core, 4GB RAM/64GB eMMC and Extra 256GB SSD, 1TB M.2 SSD Slot, Thin and Lightweight",$229.99,3.5 out of 5 stars
"Bit CORE+ 10.1 Windows 10, 2 in 1 Detachable PC - with Bonus Full Function Bit Smart Watch (W10046APB+S1CG)",$219.99,1.0 out of 5 stars
"LG gram Laptop - 15.6"" Full HD Display, Intel 8th Gen Core I5, 8GB RAM, 256GB SSD, 21.5 HRs Battery - 15Z990-U.AAS5U1 (2019), Dark Silver",$946.99,4.3 out of 5 stars
"ASUS VivoBook 15 Thin and Light Laptop, 15.6” FHD, Intel Core i3-8145U CPU, 8GB RAM, 128GB SSD, Windows 10 in S Mode, F512FA-AB34, Slate Gray",$379.99,4.2 out of 5 stars
"Lenovo Ideapad Premium 15.6 Inch Laptop 2019 Notebook Computer, AMD A6-9225 2.6GHz, 8GB DDR4 RAM, 1TB HDD, DVD-RW, Wi-Fi, Bluetooth, Webcam, USB 3.0, HDMI, Windows 10 W/ 29.9 Accessories Bundle",$0,3.7 out of 5 stars
"ASUS ZenBook 13 Ultra-Slim Laptop 13.3” FHD WideView, 8th-Gen Intel Core i7-8565U Processor, 8GB LPDDR3, 512GB PCIe SSD, Backlit KB, NumberPad, Military-Grade, Windows 10 - UX333FA-AB77 Royal Blue",$933.00,3.8 out of 5 stars
"ASUS ZenBook 13 Slim Durable Laptop 13.3 in FHD Wideview, Intel Core i7-8565U Up to 4.6GHz, 16GB RAM, 512GB PCIe SSD + TPM Security Chip, Numberpad, Windows 10 Pro, UX333FA-AB77, Royal Blue (Renewed)",$849.66,5.0 out of 5 stars
"Microsoft  Surface Laptop 2 (Intel Core i5, 8GB RAM, 128GB) - Platinum",$810.99,4.0 out of 5 stars
"2019 HP 17.3"" HD+ Laptop - Intel i5-8265u, 12GB Memory, 256GB Solid State Drive, Jet Black, Maglia Pattern",$499.89,3.6 out of 5 stars
"Lenovo 15.6"" High Performance Laptop, Intel Celeron 42050U Dual-Core Processor, 4GB DDR4 RAM, 128GB SSD, Webcam, Wireless+Bluetooth, HDMI, Window 10 (Intel Processor)",$229.88,4.2 out of 5 stars
"HP Pavilion X360 14-Inch Convertible Laptop, Intel Core I5-8265U Processor, 8 GB RAM, 1 TB Hard Drive & 128 GB Solid-State Drive, Windows 10 Home (14-cd1042nr, Mineral Silver)",$689.90,4.5 out of 5 stars
"ASUS VivoBook Thin and Lightweight FHD WideView Laptop, 8th Gen Intel Core i5-8250U, 8GB DDR4 RAM, 128GB SSD+1TB HDD, USB Type-C, NanoEdge, Fingerprint Reader, Windows 10 - F510UA-AH55",$659.00,4.0 out of 5 stars
"Beantech W11046ADB Laptop (Windows 10 Home, Intel Cherry Trail z8300, 11.6"" LCD Screen, Storage: 64 GB, RAM: 4 GB) Black",$219.99,2.2 out of 5 stars
"Acer Chromebook R 11 Convertible Laptop, Celeron N3060, 11.6"" HD Touch, 4GB DDR3L, 32GB eMMC, C738T-C7KD",$209.99,3.9 out of 5 stars
"2019 HP 17.3"" HD+ Flagship Home & Business Laptop, Intel Quad Core i5-8265U Processor Upto 3.9GHz, 16GB RAM, 256GB SSD, DVD-RW, WiFi, HDMI, GbE LAN, Bluetooth, Windows 10, Black",$529.00,-1
"Samsung Chromebook 3, 11.6"", 4GB Ram, 64GB eMMC (XE500C13-K06US)",$189.99,4.2 out of 5 stars
"2019 Lenovo Legion Y540 15.6"" FHD Gaming Laptop Computer, 9th Gen Intel Hexa-Core i7-9750H Up to 4.5GHz, 24GB DDR4 RAM, 1TB HDD + 512GB PCIE SSD, GeForce GTX 1650 4GB, 802.11ac WiFi, Windows 10 Home","$1,154.00",4.0 out of 5 stars
"HP Chromebook X360 12-Inch HD+ Touchscreen Laptop, Intel Celeron N4000, 4. GB SDRAM, 32 GB eMMC, Chrome (12b-ca0010nr, Ceramic White)",$299.99,-1
"Dell 14inch High Performance Latitude 3340 Notebook, Intel Dual-Core i3-4005U, 4GB RAM, 128GB SSD, Intel HD Graphics, HDMI, WiFi, Bluetooth, Windows 10 Pro (Renewed)",$199.99,4.1 out of 5 stars
"ASUS VivoBook 15.6"" 4 Cores up to 3.60GHz, 12GB RAM, 256GB SSD FHD Laptop, A12 Processor, 1920x1080, USB Type-C, Ultra Thin, SD Card, HDMI, Wi-Fi, Bluetooth, Win 10",$385.13,-1
"HP 15.6"" HD Touch-Screen Laptop Notebook Computer, AMD Quad Core Ryzen 5 3500U up to 3.7GHz, 8GB DDR4, 128GB SSD PCI-e, AMD Radeon Vega 8, USB 3.0, Webcam, DVD-RW, HDMI, Windows 10, Silver",$433.00,4.0 out of 5 stars
"2019 Newest Lenovo Thin and Light Laptop PC 14W: 14"" FHD Anti-Glare Display, AMD Dual Core A6-9220C, 4GB RAM, 64GB eMMC, WiFi, Bluetooth, HD Webcam, HDMI, USB-C, Windows 10 Pro Education",$184.00,5.0 out of 5 stars
"CHUWI HeroBook Laptop Computer Windows 10 PC, 14.1"" 1080P Display, Intel Atom X5-E8000 Quad Core, 4GB RAM/64GB eMMC and Extra 256GB SSD, 1TB M.2 SSD Slot, Thin and Lightweight",$229.99,3.5 out of 5 stars
"Bit CORE+ 10.1 Windows 10, 2 in 1 Detachable PC - with Bonus Full Function Bit Smart Watch (W10046APB+S1CG)",$219.99,1.0 out of 5 stars
"ASUS VivoBook 15 Thin and Light Laptop, 15.6” FHD, Intel Core i3-8145U CPU, 8GB RAM, 128GB SSD, Windows 10 in S Mode, F512FA-AB34, Slate Gray",$379.99,4.2 out of 5 stars
"LG gram Laptop - 15.6"" Full HD Display, Intel 8th Gen Core I5, 8GB RAM, 256GB SSD, 21.5 HRs Battery - 15Z990-U.AAS5U1 (2019), Dark Silver",$946.99,4.3 out of 5 stars
"Lenovo IdeaPad S145 Laptop, 15.6"" HD Display, AMD A6-9225 Upto 3.0GHz, 16GB RAM, 128GB SSD, HDMI, Card Reader, Wi-Fi, Bluetooth, Windows 10 Pro",$329.99,-1
"Dell Inspiron 15 7000 Series Gaming Edition 7567 15.6-Inch Full HD Screen Laptop - Intel Core i5-7300HQ, 1 TB Hybrid HDD, 8GB DDR4 Memory, NVIDIA GTX 1050 4GB Graphics, Windows 10",$599.99,3.9 out of 5 stars
"2019 Newest Lenovo Ideapad S145 15.6"" HD LED-Backlit Widescreen Laptop, Intel Pentium Gold 5405U 2.30GHz Processor, 8GB RAM, 1TB Hard Disk Drive, Wireless-AC, Bluetooth, Windows 10, Granite Black",$349.00,-1
Samsung Chromebook 2 11.6 Laptop Exynos 5 Octa 5800 1.9GHz 4GB RAM 16GB SSD XE503C12 (Renewed),$99.95,3.5 out of 5 stars
"Lenovo Thinkpad Yoga 11e Laptop 11.6"" Touchscreen PC Intel Quad Core Processor 128GB Solid State Drive 4GB DDR3 RAM, HD Webcam, LED, HDMI, Bluetooth, Windows 10 (Renewed) (Windows 10 Home)",$154.99,3.9 out of 5 stars
"HP Pavilion 15.6"" FHD Gaming Laptop AMD Ryzen 5, 12GB DDR4 RAM, 256GB SSD, NVIDIA GTX 1050, Quad-Core up to 3.70 GHz, 1920x1080, Backlit, RJ-45 LAN, Bluetooth 5.0, USB-C, SD Card, Win 10",$0,4.5 out of 5 stars
"Lenovo 2019 Newest L340-17 17.3 Inch HD Laptop (8th Gen Intel Dual Core i3-8345U up to 3.90 GHz, 16GB DDR4 RAM, 1TB HDD, Bluetooth, DVD, WiFi, Windows 10) (Gray)",$528.00,4.4 out of 5 stars
"HP Stream 14-inch Laptop, AMD Dual-Core A4-9120E Processor, 4 GB SDRAM, 32 GB eMMC, Windows 10 Home in S Mode with Office 365 Personal for One Year (14-ds0040nr, Rose Pink)",$199.99,3.2 out of 5 stars
"Acer Chromebook R 11 Convertible Laptop, Celeron N3060, 11.6"" HD Touch, 4GB DDR3L, 32GB eMMC, C738T-C7KD",$209.99,3.9 out of 5 stars
"Beantech W11046ADB Laptop (Windows 10 Home, Intel Cherry Trail z8300, 11.6"" LCD Screen, Storage: 64 GB, RAM: 4 GB) Black",$219.99,2.2 out of 5 stars
"2019 HP Spectre Folio Convertible 13.3"" FHD Touchscreen Laptop Computer, 8th Gen Intel Core i7-8500Y up to 4.2GHz, 8GB RAM, 256GB PCIe SSD, AC WiFi, Active Pen, 1 Year Seller Warranty, Windows 10",$927.90,5.0 out of 5 stars
"HP 15.6"" HD LED Backlight Premium Laptop | AMD A6-9225 2.6GHz | 4GB DDR4 RAM | 1TB HDD | DVD-RW | Gigabit Ethernet | HDMI | SD Card Reader | Windows 10 | Jet Black",$312.00,3.7 out of 5 stars
"Acer Predator Helios 300 Gaming Laptop PC, 15.6"" FHD IPS w/ 144Hz Refresh, Intel i7-8750H, GTX 1060 6GB, 16GB DDR4, 256GB NVMe SSD, Aeroblade Metal Fans PH315-51-78NP",$919.28,3.9 out of 5 stars
"Latest_Asus 14.0"" HD Widescreen LED Display High Performance Laptop, A6-Series Processor, 4GB DDR4 RAM, 500GB HDD, Webcam, Wireless+Bluetooth, HDMI, Window 10",$217.00,3.4 out of 5 stars
"ASUS VivoBook 15 Thin and Light Laptop, 15.6” FHD, Intel Core i3-8145U CPU, 8GB RAM, 128GB SSD, Windows 10 in S Mode, F512FA-AB34, Slate Gray",$379.99,4.2 out of 5 stars
"HP 14"" Touchscreen Laptop 8GB RAM, 128GB SSD, 8th Gen i3 HD Business Notebook, Dual-Core up to 3.90 GHZ Processor, USB Type-C, 1366x768, UHD 620 Graphic, HDMI, Bluetooth, Webcam, Energy Star, Win 10",$332.94,4.6 out of 5 stars
"Acer Aspire 5 Slim Laptop, 15.6 Inches FHD IPS Display, 8th Gen Intel Core i5-8265U, 8GB DDR4, 256GB SSD, Fingerprint Reader, Windows 10 Home, A515-54-51DJ",$488.99,4.3 out of 5 stars
"Alienware M15-15.6"" FHD Gaming Laptop Thin and Light, i7-8750H Processor, NVIDIA GeForce Graphics Card, 16GB RAM, 1TB Hybrid HDD + 128GB SSD, 17.9mm Thick & 4.78lbs","$1,149.90",4.2 out of 5 stars
"Dell Inspiron 13 7000 7370 Laptop - (13.3"" Touchscreen IPS FHD (1920x1080), 8th Gen Intel Quad-Core i5-8250U, 256GB SSD, 8GB DDR4, Backlit Keyboard, Windows 10)",$617.90,4.0 out of 5 stars
"2019 Premium Lenovo IdeaPad S145 15.6 Inch Laptop, AMD APU A6-9225 up to 3.0 GHz, AMD Radeon R4, 8GB DDR4 RAM, 1TB HDD, WiFi, Bluetooth, HDMI, Webcam, Windows 10 Home, Black",$303.52,-1
"2019 Lenovo IdeaPad 330 15.6"" Touchscreen Laptop Computer, 8th Gen Intel Quad-Core i7-8550U up to 4.0GHz, 12GB DDR4 RAM, 1TB HDD, DVD-RW, 802.11AC WiFi, Bluetooth 4.1, USB-C, HDMI, Windows 10 Home",$678.90,5.0 out of 5 stars
2020 NexiGo TUF 17.3 Inch FHD 1080P Gaming Laptop| AMD Ryzen 7 3750H up to 4.0 GHz| GeForce GTX 1650 4GB| 16GB DDR4 RAM| 1TB SSD (Boot) + 1TB HDD| Backlit KB| WiFi| Bluetooth| HDMI| Windows 10,"$1,121.09",-1
"HP 14"" Touchscreen PC 8GB RAM, 256GB SSD, 8th Gen i3 HD Laptop, Dual-Core up to 3.90 GHz, USB-C, 1366x768, UHD 620 Graphic, Bluetooth, Webcam, Win 10",$0,-1
Chromebook 14 14in LED Notebook - Intel Celeron 2955U 1.40 GHz - Black (Renewed),$129.99,3.5 out of 5 stars
"2019 Newest Lenovo Premium IdeaPad S145 15.6 Inch Laptop (AMD A6-9225 up to 3.1GHz, 8GB DDR4 RAM, 500GB HDD, AMD Radeon R4, WiFi, Bluetooth, HDMI, Webcam, Windows 10) (Black)",$283.80,1.0 out of 5 stars
"CHUWI HeroBook Laptop Computer Windows 10 PC, 14.1"" 1080P Display, Intel Atom X5-E8000 Quad Core, 4GB RAM/64GB eMMC and Extra 256GB SSD, 1TB M.2 SSD Slot, Thin and Lightweight",$229.99,3.5 out of 5 stars
"Bit CORE+ 10.1 Windows 10, 2 in 1 Detachable PC - with Bonus Full Function Bit Smart Watch (W10046APB+S1CG)",$219.99,1.0 out of 5 stars
"2019 Lenovo Thinkpad E590 15.6"" HD Business Laptop (Intel Quad Core i5-8265U, 16GB DDR4 Memory, 256GB PCIe 3.0(x4) NVMe SSD M.2 SSD) Type-C, HDMI, Ethernet, Webcam, Windows 10 Pro",$672.56,4.0 out of 5 stars
"Dell Inspiron 15 5593, i5593-7039SLV-PUS, 10th Gen Intel Core i7-1065G7, 15.6-Inch Fhd(1920X1080), 8GB, 512SSD, NVIDIA GeForce MX230",$849.99,4.8 out of 5 stars
"HP 2019 Premium Flagship Probook 450 G6 15.6 Full HD 1920x1080 Business Laptop, Intel 4-Core i7-8565U, Bluetooth, HDMI, Win 10 Pro, 16GB RAM, 512GB SSD w/ HESVAP Accessories",$894.11,4.8 out of 5 stars
"Bit CORE+ 10.1 Windows 10, 2 in 1 Detachable PC - with Bonus Full Function Bit Smart Watch (W10046APB+S1CG)",$219.99,1.0 out of 5 stars
"Beantech W11046ADB Laptop (Windows 10 Home, Intel Cherry Trail z8300, 11.6"" LCD Screen, Storage: 64 GB, RAM: 4 GB) Black",$219.99,2.2 out of 5 stars
"Lenovo 15.6"" HD Premium Home and Business Laptop, AMD Dual Core A9-9425 Processor Upto 3.7GHz, 4GB RAM, 128GB SSD, DVD-RW, AMD Radeon R5 Graphics, WiFi, HDMI, Webcam, Bluetooth, Windows 10",$267.92,-1
"Lenovo Premium Ideapad 330 15.6-inch HD LED Backlit Anti-Glare Laptop PC, AMD A6-9225 2.6GHz, 8GB DDR4 Memory, 1TB HDD, Dolby Audio, WiFi, Bluetooth, Webcam, HDMI, DVD-RW, Windows 10",$379.00,-1
"ASUS Laptop,  15.6” Full HD, Intel Core i5-7200U Processor (3M Cache, Up to 3.1GHz), 8GB DDR4 RAM, 1TB FireCuda SSHD, DVD-RW Drive, Micro SD Card Reader, Windows 10 - X540UA-DB52 (Renewed)",$379.95,-1
"Top Performance Dell Inspiron 15.6"" Touchscreen Laptop, 7th Intel Core i3-7100U 2.4GHz, 8 GB DDR4 RAM, 1 TB HDD, HDMI, DVD-RW, Bluetooth, HDMI, Web Camera",$400.27,3.8 out of 5 stars
"HP 15.6"" High Performance Touchscreen Laptop PC Intel i3-7100u Dual-Core Processor 8GB Memory 1TB HDD DVD+RW HDMI Webcam WIFI Bluetooth Windows 10-Black",$421.98,3.8 out of 5 stars
"Lenovo Ideapad 15.6"" HD High Performance Laptop, AMD A12-9720P Quad core processor 2.7GHz, 8GB DDR4, 1TB HDD, DVD, Webcam, WiFi,Bluetooth, Windows 10, Platinum gray",$389.00,3.3 out of 5 stars
"2018 Dell Inspiron 15 5000 15.6 inch Full HD Touchscreen Backlit Keyboard Laptop PC, Intel Core i5-8250U Quad-Core, 8GB DDR4, 1TB HDD, Bluetooth 4.2, WiFi, Windows 10 dell i5570-4364slv-pus",$545.00,3.5 out of 5 stars
"Newest Lenovo 15.6"" HD Flagship Laptop | Intel Pentium 5405U | 8GB RAM | 500GB HDD | Intel UHD Graphics 610 | WiFi | HDMI | USB 3.0 | Windows 10",$298.86,3.0 out of 5 stars
"CHUWI HeroBook Laptop Computer Windows 10 PC, 14.1"" 1080P Display, Intel Atom X5-E8000 Quad Core, 4GB RAM/64GB eMMC and Extra 256GB SSD, 1TB M.2 SSD Slot, Thin and Lightweight",$229.99,3.5 out of 5 stars
"Acer Chromebook R 11 Convertible Laptop, Celeron N3060, 11.6"" HD Touch, 4GB DDR3L, 32GB eMMC, C738T-C7KD",$209.99,3.9 out of 5 stars
"ASUS VivoBook 15 Thin and Light Laptop, 15.6” FHD, Intel Core i3-8145U CPU, 8GB RAM, 128GB SSD, Windows 10 in S Mode, F512FA-AB34, Slate Gray",$379.99,4.2 out of 5 stars
"LG gram Laptop - 15.6"" Full HD Display, Intel 8th Gen Core I5, 8GB RAM, 256GB SSD, 21.5 HRs Battery - 15Z990-U.AAS5U1 (2019), Dark Silver",$946.99,4.3 out of 5 stars
"ASUS Chromebook C200MA-DS01 11.6"" Laptop - Intel Bay Trail-M Celeron N2830 (2.16 GHz), 2GB RAM, 16GB eMMC SSD, Chrome OS (Renewed)",$100.00,3.8 out of 5 stars
"Lenovo 15.6"" HD Premium Home and Business Laptop, AMD Dual Core A9-9425 Processor Upto 3.7GHz, 4GB RAM, 128GB SSD, DVD-RW, AMD Radeon R5 Graphics, WiFi, HDMI, Webcam, Bluetooth, Windows 10",$267.92,-1
"Dell Latitude E7240 12.5"" Ultrabook, Intel Core i5-4300U Dual-Core, 128GB Solid State Drive, 8GB DDR3, 802.11n, Win10Pro (Renewed)",$206.99,3.7 out of 5 stars
"Latest_Asus 14.0"" HD Widescreen LED Display High Performance Laptop, A6-Series Processor, 4GB DDR4 RAM, 500GB HDD, Webcam, Wireless+Bluetooth, HDMI, Window 10",$217.00,3.4 out of 5 stars
"Lenovo Thinkpad Yoga 11e Laptop 11.6"" Touchscreen Convertible Ultrabook PC, Intel Quad Core Processor, 128GB Solid State Drive, 4GB DDR3 RAM, HD Webcam, LED, HDMI, Bluetooth, Windows 10 (Renewed)",$159.99,3.7 out of 5 stars
ASUS Thin and Lightweight 11.6 inch HD Premium Laptop with 32GB MicroSD Card | Intel Celeron Dual-core | 2GB Memory | 32GB EMMC Storage | USB-C | WiFi | GbE LAN | HDMI | Windows 10 | Star Gray,$194.91,3.7 out of 5 stars
"2019 Newest HP Pavilion 15 15.6"" HD Touchscreen Business Laptop Intel Quad-Core i5-8250U, 16GB DDR4, 512GB SSD, Type-C, HDMI, WiFi AC, UHD, Windows 10",$657.88,3.8 out of 5 stars
"Newest Flagship 2019 ASUS Vivobook 14"" Thin & Light Weight Laptop AMD Dual-Core A6 up to 3GHz 4GB DDR4, 500GB HDD, B&O USB Type-C HD Webcam 802.11bgn VGA Bluetooth 4.0 Win 10",$239.00,5.0 out of 5 stars
"Beantech W11046ADB Laptop (Windows 10 Home, Intel Cherry Trail z8300, 11.6"" LCD Screen, Storage: 64 GB, RAM: 4 GB) Black",$219.99,2.2 out of 5 stars
"Acer Chromebook R 11 Convertible Laptop, Celeron N3060, 11.6"" HD Touch, 4GB DDR3L, 32GB eMMC, C738T-C7KD",$209.99,3.9 out of 5 stars
"Lenovo 130S, Premium 2019 Flagship 11.6"" HD Laptop, Intel Celeron Dual-Core N4000 up to 2.6GHz, 4GB DDR4, 64GB eMMC Flash Memory, Intel UHD Graphics 600 Bluetooth WiFi HD Webcam USB-C HDMI Win 10 S",$205.00,4.6 out of 5 stars
HP 15.6in Touchscreen Laptop Intel Pentium N5000 with UHD Graphics 605 4GB RAM 500GB HDD DVD-Writer Bluetooth Windows 10 Red Color (Renewed),$289.99,3.8 out of 5 stars
"ASUS Chromebook C423NA-DH02 14.0"" HD NanoEdge Display, 180 Degree, Intel Dual Core Celeron Processor, 4GB RAM, 32GB eMMC Storage, Silver Color",$204.95,3.8 out of 5 stars
"HP Stream Laptop PC - 14"" HD, Intel Celeron N3060, 4 GB RAM, 32 GB eMMC, Office 365 Personal for one year - 14-ax010nr",$168.70,3.1 out of 5 stars
"Lenovo 15.6"" HD Laptop PC | AMD A9 Dual-core Processor 3.1GHz | AMD Radeon Graphics R5 | 8GB DDR4 RAM | 128GB SSD | DVD-RW | Webcam | HDMI | WiFi | USB3.0 | Bluetooth | Webcam | Windows 10",$314.48,5.0 out of 5 stars
"14.1"" Fusion5 Laptop Computer - (Full HD, 4GB RAM, 64GB STORAGE, Intel Quad-Core, USB 3.0, Bluetooth) (Renewed)",$149.95,-1
"2018 High Performance RCA Cambio 10.1"" 2-in-1 Touchscreen Tablet PC Intel Quad-Core Processor 2GB RAM 32GB Hard Drive Webcam Wifi Microsoft Office Mobile Bluetooth Windows 10-Blue",$127.99,2.8 out of 5 stars
"2018 HP Elitebook 840 G1 14.0 Inch High Performanc Laptop Computer, Intel i5 4300U up to 2.9GHz, 16GB Memory, 256GB SSD, USB 3.0, Bluetooth, Window 10 Professional (Renewed)",$339.94,3.6 out of 5 stars
"CHUWI HeroBook Laptop Computer Windows 10 PC, 14.1"" 1080P Display, Intel Atom X5-E8000 Quad Core, 4GB RAM/64GB eMMC and Extra 256GB SSD, 1TB M.2 SSD Slot, Thin and Lightweight",$229.99,3.5 out of 5 stars
"Bit CORE+ 10.1 Windows 10, 2 in 1 Detachable PC - with Bonus Full Function Bit Smart Watch (W10046APB+S1CG)",$219.99,1.0 out of 5 stars
"CHUWI HeroBook Laptop Computer Windows 10 PC, 14.1"" 1080P Display, Intel Atom X5-E8000 Quad Core, 4GB RAM/64GB eMMC and Extra 256GB SSD, 1TB M.2 SSD Slot, Thin and Lightweight",$229.99,3.5 out of 5 stars
"Bit CORE+ 10.1 Windows 10, 2 in 1 Detachable PC - with Bonus Full Function Bit Smart Watch (W10046APB+S1CG)",$219.99,1.0 out of 5 stars
"Newest HP Stream 14"" HD(1366x768) Display, Intel Celeron N4000 Dual-Core Processor, 4GB RAM, 32GB eMMC, HDMI, WiFi, Webcam, Bluetooth, Win10 S, Rose Pink(Renewed)",$193.99,3.1 out of 5 stars
"EVOO 14.1” Ultra Thin Laptop FHD, 32GB Storage, 4GB Memory, Micro HDMI, Front Camera, Windows 10 Home",$199.99,3.4 out of 5 stars
"Acer Chromebook 14, Aluminum, 14-inch Full HD, Intel Celeron N3160, 4GB LPDDR3, 32GB, Chrome, Gold, CB3-431-C0AK",$228.99,3.9 out of 5 stars
"2019 Lenovo S145 15.6"" Laptop Computer, Intel Pentium Gold 5405U 2.3GHz, 4GB DDR4 RAM, 500GB HDD, 802.11AC WiFi, Bluetooth, USB 3.1, HDMI, Granite Black Texture, Windows 10 Home",$265.00,3.5 out of 5 stars
Dell Inspiron 15.6 Inch HD Touchscreen Flagship High Performance Laptop PC | Intel Core i5-7200U | 8GB Ram | 256GB SSD | Bluetooth | WiFi | Windows 10 (Black),$414.00,3.8 out of 5 stars
"Newest HP High Performance 15.6” HD Touch-Screen Notebook Computer with Intel Pentium N5000 Processor, 4GB_RAM, 1TB Hard Drive, Webcam, WiFi and Bluetooth, HDMI, Windows 10 (Black)",$307.00,3.3 out of 5 stars
"HP 2019 Newest Premium 15.6-inch HD Laptop, AMD A6-9225 Dual-Core 2.6 GHz, 8GB RAM, 1TB HDD, AMD Radeon R4, WiFi, HDMI, MaxxAudio, Bluetooth, Windows 10",$390.20,3.7 out of 5 stars
"2019 HP 14“ Laptop (Intel Pentium Gold 2.3GHz, Dual Cores, 4GB DDR4 RAM, 128GB SSD, Wi-Fi, Bluetooth, HDMI, Windows 10 Home) (Ash Silver) (14-CF0012DX)",$248.00,4.1 out of 5 stars
"Acer Spin 3 Convertible Laptop, 14 inches Full HD IPS Touch, 8th Gen Intel Core i7-8565U, 16GB DDR4, 512GB PCIe NVMe SSD, Backlit KB, Fingerprint Reader, Rechargeable Active Stylus, SP314-53N-77AJ",$709.99,4.3 out of 5 stars
"LG gram Laptop - 15.6"" Full HD Display, Intel 8th Gen Core I5, 8GB RAM, 256GB SSD, 21.5 HRs Battery - 15Z990-U.AAS5U1 (2019), Dark Silver",$946.99,4.3 out of 5 stars
"Samsung Chromebook XE303C12-A01 11.6-inch, Exynos 5250, 2GB RAM, 16GB SSD, Silver (Renewed)",$109.00,3.0 out of 5 stars
"ASUS Chromebook C425 Clamshell Laptop, 14"" FHD 4-Way NanoEdge, Intel Core M3-8100Y Processor, 8GB RAM, 64GB eMMC Storage, Backlit KB, Silver, Chrome OS, C425TA-DH384",$329.99,3.9 out of 5 stars
"Lenovo  130S-11IGM 11.6"" HD Laptop, Intel Celeron N4000, 4GB RAM, 64GB eMMC, 1-Year Office 365, Windows 10 in S Model - Gray",$174.99,4.1 out of 5 stars
"Dell ChromeBook 11.6 Inch HD (1366 x 768) Laptop NoteBook PC, Intel Celeron N2840, Camera, HDMI, WIFI, USB 3.0, SD Card Reader (Renewed)",$0,4.0 out of 5 stars
"HP 15-Inch HD Laptop, AMD Ryzen 5 3500U, 8 GB RAM, 1 TB Hard Drive & 128 GB Solid-State Drive, Windows 10 Home with DVD Drive (15-db1016nr, Chalkboard Gray)",$507.57,4.6 out of 5 stars
"New Lenovo 130S 11.6"" HD Laptop, Intel Celeron (2 core) N4000 1.1GHz up to 2.6GHz, 4GB Memory, 64GB SSD, Webcam, Bluetooth, HDMI, USB 3.1, Windows 10, Office 365 Personal 1-Year Included",$174.89,4.1 out of 5 stars
"Lenovo Ideapad 1 14"" HD Energy-efficient Widescreen LED Backlight Laptop, AMD A6-9220e Upto 2.4GHz, AMD Radeon R4, 4GB RAM, 64GB eMMC SSD, Bluetooth, HDMI, Windows 10, 1 Year Office 365 Personal",$169.99,-1
"Newest 2019 Flagship HP 14"" Laptop Intel Pentium Gold 4GB Ram 128GB SSD Ash Silver Keyboard Frame",$241.15,4.1 out of 5 stars
"Acer Chromebook R 11 Convertible Laptop, Celeron N3060, 11.6"" HD Touch, 4GB DDR3L, 32GB eMMC, C738T-C7KD",$209.99,3.9 out of 5 stars
"Beantech W11046ADB Laptop (Windows 10 Home, Intel Cherry Trail z8300, 11.6"" LCD Screen, Storage: 64 GB, RAM: 4 GB) Black",$219.99,2.2 out of 5 stars
"Acer Chromebook R 11 Convertible Laptop, Celeron N3060, 11.6"" HD Touch, 4GB DDR3L, 32GB eMMC, C738T-C7KD",$209.99,3.9 out of 5 stars
"Acer Chromebook 14, Celeron N3160, 14"" Full HD, 4GB LPDDR3, 16GB eMMC, CB3-431-C9W7 Bundle, Silver",$234.39,4.2 out of 5 stars
"Acer Aspire 5 Slim Laptop, 15.6 Inches FHD IPS Display, 8th Gen Intel Core i5-8265U, 8GB DDR4, 256GB SSD, Fingerprint Reader, Windows 10 Home, A515-54-51DJ",$488.99,4.3 out of 5 stars
"Acer Aspire 5 Slim Laptop, 15.6 inches Full HD IPS Display, AMD Ryzen 3 3200U, Vega 3 Graphics, 4GB DDR4, 128GB SSD, Backlit Keyboard, Windows 10 in S Mode, A515-43-R19L",$339.00,4.4 out of 5 stars
"Lenovo 15.6"" HD Premium Home and Business Laptop, AMD Dual Core A9-9425 Processor Upto 3.7GHz, 16GB RAM, 1TB HDD, DVD-RW, AMD Radeon R5 Graphics, WiFi, HDMI, Webcam, Bluetooth, Windows 10",$358.99,3.0 out of 5 stars
"Acer Flagship CB3-532 15.6"" HD Premium Chromebook - Intel Dual-Core Celeron N3060 up to 2.48GH.z, 2GB RAM, 16GB SSD, Wireless AC, HDMI, USB 3.0, Webcam, Chrome OS (Renewed)",$139.00,4.1 out of 5 stars
"2019 Newest Lenovo 14 Thin and Light Laptop PC: 14"" FHD Anti-Glare Display, AMD Dual Core A6-9220C, 4GB RAM, 64GB eMMC, WiFi, Bluetooth, HD Webcam, HDMI, USB-C, Windows 10 Pro Education",$170.00,-1
"HP Stream 14-inch Laptop, Intel Celeron N4000, 4 GB RAM, 64 GB eMMC, Windows 10 Home in S Mode (14-cb159nr, Jet Black)",$227.90,3.8 out of 5 stars
ASUS VivoBook Ultra Thin Laptop,$209.99,3.9 out of 5 stars
"Acer Spin 3 Convertible Laptop, 14 inches Full HD IPS Touch, 8th Gen Intel Core i7-8565U, 16GB DDR4, 512GB PCIe NVMe SSD, Backlit KB, Fingerprint Reader, Rechargeable Active Stylus, SP314-53N-77AJ",$709.99,4.3 out of 5 stars
"Acer Aspire 5 Slim Laptop, 15.6 Inches FHD IPS Display, 8th Gen Intel Core i5-8265U, 8GB DDR4, 256GB SSD, Fingerprint Reader, Windows 10 Home, A515-54-51DJ",$488.99,4.3 out of 5 stars
"Acer Spin 3 Convertible Laptop, 14 inches Full HD IPS Touch, 8th Gen Intel Core i7-8565U, 16GB DDR4, 512GB PCIe NVMe SSD, Backlit KB, Fingerprint Reader, Rechargeable Active Stylus, SP314-53N-77AJ",$709.99,4.3 out of 5 stars
"HP 15.6inch Premium Flagship Laptop, AMD Dual-Core A9-9425 Processor Up to 3.7GHz, 4GB Ram, 1TB HDD, AMD Radeon R5 Graphics, DVD+/-RW, WiFi, Bluetooth, HDMI, Win10 Home-(Renewed)",$0,3.8 out of 5 stars
"Acer Aspire E 15, 15.6"" Full HD, 8th Gen Intel Core i3-8130U, 6GB RAM Memory, 1TB HDD, 8X DVD, E5-576-392H",$349.00,3.7 out of 5 stars
"Apple MacBook Air (13-inch, 8GB RAM, 128GB SSD Storage) - Silver",$952.49,4.3 out of 5 stars
"HP 2019 14"" Laptop - Intel Core i3 - 8GB Memory - 128GB Solid State Drive - Ash Silver Keyboard Frame (14-CF0014DX)",$320.00,4.2 out of 5 stars
"2019 Lenovo S145 15.6"" Laptop Computer, Intel Pentium Gold 5405U 2.3GHz, 8GB DDR4 RAM, 500GB HDD, 802.11AC WiFi, Bluetooth, USB 3.1, HDMI, Granite Black Texture, Windows 10 Home",$349.00,4.2 out of 5 stars
"Lenovo Flex 14 2-in-1 Convertible Laptop, 14 Inch FHD Touchscreen Display, AMD Ryzen 5 3500U Processor, 12GB DDR4 RAM, 256GB NVMe SSD, Windows 10, 81SS000DUS, Black, Pen Included",$529.16,4.0 out of 5 stars
"2019 Newest Lenovo IdeaPad 15.6"" HD High Performance Laptop PC |7th Gen AMD A9-9425 Dual-Core 3.10 GHz| 4GB RAM | 128GB SSD | 802.11ac | Bluetooth | DVD+/-RW | HDMI | Win 10",$234.90,3.6 out of 5 stars
"ASUS VivoBook 15 Thin and Light Laptop, 15.6” FHD, Intel Core i3-8145U CPU, 8GB RAM, 128GB SSD, Windows 10 in S Mode, F512FA-AB34, Slate Gray",$379.99,4.2 out of 5 stars
"ASUS VivoBook 15 Thin and Light Laptop, 15.6” FHD, Intel Core i3-8145U CPU, 8GB RAM, 128GB SSD, Windows 10 in S Mode, F512FA-AB34, Slate Gray",$379.99,4.2 out of 5 stars
"ASUS ZenBook 13 Ultra-Slim Laptop 13.3” FHD WideView, 8th-Gen Intel Core i7-8565U Processor, 8GB LPDDR3, 512GB PCIe SSD, Backlit KB, NumberPad, Military-Grade, Windows 10 - UX333FA-AB77 Royal Blue",$933.00,3.8 out of 5 stars
"ASUS VivoBook 15 Thin and Light Laptop, 15.6” FHD, Intel Core i3-8145U CPU, 8GB RAM, 128GB SSD, Windows 10 in S Mode, F512FA-AB34, Slate Gray",$379.99,4.2 out of 5 stars
"LG gram Laptop - 15.6"" Full HD Display, Intel 8th Gen Core I5, 8GB RAM, 256GB SSD, 21.5 HRs Battery - 15Z990-U.AAS5U1 (2019), Dark Silver",$946.99,4.3 out of 5 stars
Tom Clancy's Jack Ryan - Season 2,$0,3.5 out of 5 stars
"Microsoft Surface Laptop DAJ-00061 (Windows 10, Intel Core i7, 13.5"" LCD Screen, Storage: 256 GB, RAM: 8 GB) Cobalt Blue (Renewed)",$649.99,-1
"MSI GS65 Stealth-006 15.6"" 144Hz Ultra Thin and Light Gaming Laptop, Intel Core i7-8750H, NVIDIA RTX 2060, 16GB DDR4, 512GB Nvme SSD, Win10","$1,349.99",4.1 out of 5 stars
"Asus Laptop L406 Thin and Light Laptop, 14” HD, Intel Celeron N4000 Processor, 4GB RAM, 64GB eMMC Storage, Wi-Fi 5, Windows 10, Blue, L406MA-AB02-BL, One Year of Microsoft Office 365",$249.99,3.6 out of 5 stars
Turn Your Laptop Into a Money Machine: How to Grow Your Online Business Fast Through Multiple (Affiliate Marketing - Real Esate - Dropshipping - E-Commerce - Blogging - Social Media),$0.00,-1
"CUK MSI GF75 Thin Gamer Notebook (Intel i7-9750H, 64GB RAM, 2TB NVMe SSD + 2TB HDD, NVIDIA GeForce GTX 1650 4GB, 17.3"" FHD 120Hz IPS-Level, Windows 10 Home) Gaming Laptop Computer","$1,649.99",4.5 out of 5 stars
"ASUS TUF Gaming FX505GT - 15.6"" FHD - i5-9300H - NVIDIA GTX 1650-8GB - 512GB SSD - Black",$749.95,4.0 out of 5 stars
"Asus ZenBook 13 Ultra-Slim Laptop, 13.3” Full HD Wideview, 8th Gen Intel Core I5-8265U, 8GB LPDDR3, 512GB PCIe SSD, Backlit KB, Fingerprint, Slate Gray, Windows 10, UX331FA-AS51",$678.00,3.7 out of 5 stars
"Beantech W11046ADB Laptop (Windows 10 Home, Intel Cherry Trail z8300, 11.6"" LCD Screen, Storage: 64 GB, RAM: 4 GB) Black",$219.99,2.2 out of 5 stars
"Acer Chromebook R 11 Convertible Laptop, Celeron N3060, 11.6"" HD Touch, 4GB DDR3L, 32GB eMMC, C738T-C7KD",$209.99,3.9 out of 5 stars
"ASUS VivoBook 15.6"" FHD Business Laptop, AMD A12-9720P Quad-Core Upto 3.6GHz, 32GB RAM, 2TB HDD, Fingerprint Reader, AMD Radeon R7 Graphics, USB-C, WiFi, HDMI, Windows 10",$567.68,4.6 out of 5 stars
"2019 Newest Lenovo 130-15AST 15.6"" Laptop AMD A9-Series, 4GB DDR4 RAM, 128GB SSD, Wi-Fi, HDMI, Bluetooth, Windows 10, Black",$223.98,3.5 out of 5 stars
HP Pavilion Gaming 15-ec0751ms Laptop AMD Ryzen 5 3550H 2.1 GHz up to 3.7 GHz 8GB DDR4 2400 MHz 256GB NVMe PCIe SSD,$559.00,-1
"Dell Inspiron 15 5000 15.6-inch Touchscreen FHD 1080p Premium Laptop, Intel Quad Core i5-8250U Processor, 12GB RAM, 1TB Hard Drive, Bluetooth, Silver",$627.00,3.8 out of 5 stars
"2019 Newest Lenovo Ideapad S145 15.6"" HD LED-backlit Widescreen Laptop, Intel Pentium Gold 5405U 2.30GHz Processor, 16GB RAM, 512GB Solid State Drive, Wireless-AC, Bluetooth, Windows 10, Granite Black",$399.99,4.0 out of 5 stars
"ASUS Chromebook C200MA-DS01 11.6"" Laptop - Intel Bay Trail-M Celeron N2830 (2.16 GHz), 2GB RAM, 16GB eMMC SSD, Chrome OS (Renewed)",$100.00,3.8 out of 5 stars
"Microsoft Surface Laptop (1st Gen) EUP-00001 Laptop (Windows 10 S, Intel Core i7, 13.5"" LCD Screen, Storage: 1000 GB, RAM: 16 GB) Platinum","$1,999.99",4.2 out of 5 stars
"2019 ASUS 15.6"" High Performance Laptop Computer, AMD Quad-Core A12-9720P Processor up to 3.6GHz, 8GB DDR4 RAM, 128GB SSD, AMD Radeon R7 Graphics, WiFi, Bluetooth, USB 3.0, HDMI, Windows 10 Home",$347.38,3.8 out of 5 stars
"CHUWI HeroBook Laptop Computer Windows 10 PC, 14.1"" 1080P Display, Intel Atom X5-E8000 Quad Core, 4GB RAM/64GB eMMC and Extra 256GB SSD, 1TB M.2 SSD Slot, Thin and Lightweight",$229.99,3.5 out of 5 stars
"Bit CORE+ 10.1 Windows 10, 2 in 1 Detachable PC - with Bonus Full Function Bit Smart Watch (W10046APB+S1CG)",$219.99,1.0 out of 5 stars
"ASUS VivoBook 15 Thin and Light Laptop, 15.6” FHD, Intel Core i3-8145U CPU, 8GB RAM, 128GB SSD, Windows 10 in S Mode, F512FA-AB34, Slate Gray",$379.99,4.2 out of 5 stars
"LG gram Laptop - 15.6"" Full HD Display, Intel 8th Gen Core I5, 8GB RAM, 256GB SSD, 21.5 HRs Battery - 15Z990-U.AAS5U1 (2019), Dark Silver",$946.99,4.3 out of 5 stars
"Dell Latitude E5470 14"" Business Laptop Computer: Intel Core i5 6300U up to 3.0GHz/ 8GB DDR4 RAM/ 256GB SSD/ WiFi/ Bluetooth/ USB 3.0/ HDMI/ Windows 10 Professional (Renewed)",$299.99,-1
"HP Chromebook G1 14"" Intel Celeron Dual Core, 1.4GHz, 4GB Ram, 16GB SSD Laptop - Black/Silver - J2L41UT#ABA (Renewed)",$129.99,4.0 out of 5 stars
"HP 15.6"" HD LED Backlight Premium Laptop | AMD A6-9225 2.6GHz | 8GB DDR4 RAM | 1TB HDD | DVD-RW | Gigabit Ethernet | HDMI | USB 3.0 | SD Card Reader | Windows 10 | Jet Black",$399.00,-1
"2019 Lenovo ThinkPad T440 Ultrabook Business Laptop Computer: 14"" HD+, Intel Core i7-4600U up to 3.3GHz, 12GB RAM, 256GB SSD, WiFi, Bluetooth, USB 3.0, Windows 10 Professional (Renewed)",$459.00,-1
"Dell Latitude E5420 Laptop, HDMI, Intel Core i3 2.1GHz, 4GB DDR3, 160GB SATA HDD, DVDRW, Windows 10 Home 64bit w/ Restore Partition (Renewed)",$176.48,4.8 out of 5 stars
"2019 Lenovo S145 15.6"" FHD Premium Laptop Computer, 8th Gen Intel Quad-Core i7-8565U Up to 4.6GHz, 12GB DDR4 RAM, 256GB SSD, 802.11ac WiFi, Bluetooth, USB 3.0, HDMI, Gray, Windows 10 Home",$744.00,3.9 out of 5 stars
"2018 Newest Lenovo Ideapad 15.6"" HD Premium High Performance Laptop, AMD Quad-core A12-9720P processor 2.7GHz, 8GB DDR4, 1TB HDD, DVD, Webcam, 802.11AC, HDMI, USB Type-C, Bluetooth, Windows 10",$390.00,3.6 out of 5 stars
"2019 Newest Dell Inspiron 15 5570 15.6 Inch Touchscreen FHD 1080p Laptop (Intel 4-Core i7-8550U up to 4.0GHz, 32GB DDR4 RAM, 2TB HDD, Intel UHD 620, Backlit KB, Windows 10)","$1,023.17",-1
"Beantech W11046ADB Laptop (Windows 10 Home, Intel Cherry Trail z8300, 11.6"" LCD Screen, Storage: 64 GB, RAM: 4 GB) Black",$219.99,2.2 out of 5 stars
"Acer Chromebook R 11 Convertible Laptop, Celeron N3060, 11.6"" HD Touch, 4GB DDR3L, 32GB eMMC, C738T-C7KD",$209.99,3.9 out of 5 stars
"2019 HP 17.3"" HD+ Touchscreen Laptop Computer, AMD Quad-Core Ryzen 5 2500U up to 3.6GHz (Beat i7-7500U), 12GB DDR4 RAM, 1TB HDD, DVDRW, 802.11ac WiFi, Bluetooth 4.2, USB 3.1, HDMI, Windows 10 Home",$624.00,5.0 out of 5 stars
"HP Stream 14-inch Laptop, AMD Dual-Core A4-9120E Processor, 4 GB SDRAM, 64 GB eMMC, Windows 10 Home in S Mode with Office 365 Personal for One Year (14-ds0070nr, Diamond White)",$229.99,5.0 out of 5 stars
"HP 14"" Touchscreen Home and Business Laptop Ryzen 3-3200U, 12GB RAM, 512GB M.2 SSD, Dual-Core up to 3.50 GHz, Vega 3 Graphics, RJ-45, USB-C, 4K Output HDMI, Bluetooth, Webcam, 1366x768, Win 10",$0,-1
"Dell ChromeBook 11 -Intel Celeron 2955U, 4GB Ram, 16GB SSD, WebCam, HDMI, (11.6 HD Screen 1366x768) (Renewed)",$95.63,3.6 out of 5 stars
"Acer Predator Helios 300 Gaming Laptop PC, 15.6 inches Full HD 144Hz 3ms IPS Display, Intel i7-9750H, GTX 1660 Ti 6GB, 16GB DDR4, 256GB PCIe NVMe SSD, Backlit Keyboard, PH315-52-78VL","$1,087.82",4.3 out of 5 stars
"HP 14"" Touchscreen Home and Business Laptop Ryzen 3-3200U, 4GB RAM, 256GB M.2 SSD, Dual-Core up to 3.50 GHz, Vega 3 Graphics, RJ-45, USB-C, 4K Output HDMI, Bluetooth, Webcam, 1366x768, Win 10",$0,-1
"ASUS 15.6"" Gaming Laptop Ryzen 5, 32GB RAM, 256GB SSD + 1TB HDD, GTX 1050, 4 Cores up to 3.7GHz Processor, DDR4, Backlit Keyboard, Wi-Fi, 1920x1080, HDMI, Webcam",$832.00,4.4 out of 5 stars
"Lenovo 15.6"" HD Premium Home and Business Laptop, AMD Dual Core A9-9425 Processor Upto 3.7GHz, 16GB RAM, 1024GB SSD, DVD-RW, AMD Radeon R5 Graphics, WiFi, HDMI, Webcam, Bluetooth, Windows 10",$543.00,-1
"CHUWI HeroBook Laptop Computer Windows 10 PC, 14.1"" 1080P Display, Intel Atom X5-E8000 Quad Core, 4GB RAM/64GB eMMC and Extra 256GB SSD, 1TB M.2 SSD Slot, Thin and Lightweight",$229.99,3.5 out of 5 stars
"Bit CORE+ 10.1 Windows 10, 2 in 1 Detachable PC - with Bonus Full Function Bit Smart Watch (W10046APB+S1CG)",$219.99,1.0 out of 5 stars
"ASUS VivoBook 15 Thin and Light Laptop, 15.6” FHD, Intel Core i3-8145U CPU, 8GB RAM, 128GB SSD, Windows 10 in S Mode, F512FA-AB34, Slate Gray",$379.99,4.2 out of 5 stars
"LG gram Laptop - 15.6"" Full HD Display, Intel 8th Gen Core I5, 8GB RAM, 256GB SSD, 21.5 HRs Battery - 15Z990-U.AAS5U1 (2019), Dark Silver",$946.99,4.3 out of 5 stars
"New ! Dell Inspiron i3583 15.6"" HD Touch-Screen Laptop - Intel i5-8265U - 8GB DDR4-256GB SSD - Windows 10 - Wireless-AC - Bluetooth, SD Card Reader, HDMI & USB 3.1 -Waves MaxxAudio Pro- Black",$417.98,-1
"Acer Aspire 1 A114-32-C1YA, 14"" Full HD, Intel Celeron N4000, 4GB DDR4, 64GB eMMC, Office 365 Personal, Windows 10 Home in S mode",$240.51,3.6 out of 5 stars
"Newest Lenovo Ideapad S145 15.6"" HD Laptop, AMD A6-9225 2.6GHz, 8GB DDR4 RAM, AMD Radeon R4, 500GB HDD, HDMI, Wi-Fi, Bluetooth, Windows 10 Home, Black",$278.80,-1
"HP Pavilion 10.1in 2-in-1 touchscreen laptop, Intel Quad-Core, 2GB, 32GB eMMC (Renewed)",$209.99,2.8 out of 5 stars
"ASUS VivoBook F510UA Thin and Lightweight 15.6” FHD WideView NanoEdge Laptop, Intel Core i5-7200U 2.5GHz, 8GB DDR4 RAM, 1TB HDD, USB Type-C, Fingerprint Reader, Windows 10 – F510UA-AH50",$499.00,3.4 out of 5 stars
Dell Inspiron 15.6” Touch Screen Intel Core i3 128GB Solid State Drive Laptop,$321.00,4.0 out of 5 stars
"Newest Acer Aspire E 15 Full HD Laptop with 15.6"" 1920x1080 LED-Backlit Display, Intel Core i3-8130U Up to 3.4GHz, 6GB RAM, 1TB HDD, Webcam, DVD, USB 3.1 Type-C, 802.11ac, Bluetooth, HDMI, Windows 10",$339.98,4.0 out of 5 stars
"Dell 11-3120 Intel Celeron N2840 X2 2.16GHz 4GB 16GB SSD 11.6"", Black (Renewed)",$99.99,3.7 out of 5 stars
"Beantech W11046ADB Laptop (Windows 10 Home, Intel Cherry Trail z8300, 11.6"" LCD Screen, Storage: 64 GB, RAM: 4 GB) Black",$219.99,2.2 out of 5 stars
"Acer Chromebook R 11 Convertible Laptop, Celeron N3060, 11.6"" HD Touch, 4GB DDR3L, 32GB eMMC, C738T-C7KD",$209.99,3.9 out of 5 stars
"Dell Latitude E7470 14in Laptop, Core i5-6300U 2.4GHz, 8GB Ram, 256GB SSD, Windows 10 Pro 64bit (Renewed)",$289.99,3.3 out of 5 stars
"2019 New Lenovo 300e Flagship 2-in-1 Business Laptop/Tablet, 11.6"" HD IPS Touchscreen, Intel Celeron Quad-Core N3450 up to 2.2GHz, 4GB DDR4, 64GB eMMC, Windows 10 S/Pro, Choose Flash Drive",$258.98,4.3 out of 5 stars
"2019 Asus Vivobook 11.6"" Thin and Lightweight Laptop Computer, Intel Celeron N4000 up to 2.6GHz, 2GB DDR4 RAM, 32GB eMMC, 802.11AC WiFi, Bluetooth 4.1, USB-C 3.1, HDMI, Star Gray, Windows 10 in S Mode",$155.98,4.4 out of 5 stars
"2019 Latest Lenovo S130-14 Laptop PC Intel Celeron N4000 1.1Ghz (Upto 2.6 Ghz), 4GB, 64GB eMMC SSD, 14.0"" (1366x768) HD Display Windows 10 Midnight Blue Color",$192.90,5.0 out of 5 stars
"Asus Laptop L406 Thin and Light Laptop, 14” HD, Intel Celeron N4000 Processor, 4GB RAM, 64GB eMMC Storage, Wi-Fi 5, Windows 10, Blue, L406MA-AB02-BL, One Year of Microsoft Office 365",$249.99,3.6 out of 5 stars
"2019 HP Stream 14” FHD Laptop Computer, Intel Celeron N3060 up to 2.48GHz, 4GB RAM, 64GB SSD, 802.11ac WiFi, Bluetooth, HDMI, 1-Year Office 365, Windows 10",$229.00,3.7 out of 5 stars
"Lenovo wt-81FY000SUS 300e Winbook Touchscreen LCD 2 in 1 Notebook, Windows 10 Pro, Intel Celeron N3450, 1.1 GHz, 64 GB, 11.6""",$199.99,3.2 out of 5 stars
"2018 Dell Inspiron High Performance Laptop, AMD A6-9220e processor 2.5GHz, 11.6"" HD Display, 4GB DDR4 SDRAM, 32GB eMMC Flash Memory, Windows 10 (Gray)",$169.85,3.0 out of 5 stars
"CHUWI HeroBook Laptop Computer Windows 10 PC, 14.1"" 1080P Display, Intel Atom X5-E8000 Quad Core, 4GB RAM/64GB eMMC and Extra 256GB SSD, 1TB M.2 SSD Slot, Thin and Lightweight",$229.99,3.5 out of 5 stars
"Bit CORE+ 10.1 Windows 10, 2 in 1 Detachable PC - with Bonus Full Function Bit Smart Watch (W10046APB+S1CG)",$219.99,1.0 out of 5 stars
